Time,Distance,Setpoint
7.083333333333333,56.61924362182617,15.0
7.1,56.799861923217776,15.0
7.116666666666666,56.98048022460938,15.0
7.133333333333334,57.161098526000984,15.0
7.15,57.34171682739259,15.0
7.166666666666667,57.52233512878419,15.0
7.183333333333334,57.702953430175796,15.0
7.2,57.8835717315674,15.0
7.216666666666667,58.064190032959004,15.0
7.233333333333333,58.24480833435061,15.0
7.25,58.42542663574221,15.0
7.266666666666667,58.60604493713382,15.0
7.283333333333333,58.78666323852542,15.0
7.3,58.967281539917025,15.0
7.316666666666666,59.14789984130863,15.0
7.333333333333333,55.59353256225586,15.0
7.35,55.75959839916229,15.0
7.366666666666666,55.92566423606873,15.0
7.383333333333334,56.09173007297516,15.0
7.4,56.257795909881594,15.0
7.416666666666667,56.42386174678803,15.0
7.433333333333334,56.58992758369446,15.0
7.45,56.755993420600895,15.0
7.466666666666667,56.92205925750733,15.0
7.483333333333333,57.08812509441376,15.0
7.5,57.254190931320196,15.0
7.516666666666667,57.42025676822663,15.0
7.533333333333333,54.28022003173828,15.0
7.55,54.415330933570864,15.0
7.566666666666666,54.55044183540345,15.0
7.583333333333333,54.68555273723603,15.0
7.6,54.82066363906861,15.0
7.616666666666666,54.955774540901196,15.0
7.633333333333334,55.09088544273378,15.0
7.65,55.22599634456636,15.0
7.666666666666667,55.361107246398944,15.0
7.683333333333334,55.49621814823153,15.0
7.7,55.63132905006411,15.0
7.716666666666667,55.76643995189669,15.0
7.733333333333333,55.901550853729276,15.0
7.75,56.03666175556186,15.0
7.766666666666667,56.17177265739444,15.0
7.783333333333333,56.306883559227025,15.0
7.8,56.44199446105961,15.0
7.816666666666666,56.57710536289219,15.0
7.833333333333333,56.71221626472477,15.0
7.85,56.847327166557356,15.0
7.866666666666666,56.98243806838994,15.0
7.883333333333334,57.11754897022252,15.0
7.9,57.252659872055105,15.0
7.916666666666667,57.38777077388769,15.0
7.933333333333334,57.52288167572027,15.0
7.95,57.657992577552854,15.0
7.966666666666667,57.79310347938544,15.0
7.983333333333333,57.92821438121802,15.0
8.0,58.0633252830506,15.0
8.016666666666667,58.198436184883185,15.0
8.033333333333333,58.33354708671577,15.0
8.05,58.46865798854835,15.0
8.066666666666666,58.603768890380934,15.0
8.083333333333334,58.73887979221352,15.0
8.1,58.8739906940461,15.0
8.116666666666667,59.00910159587868,15.0
8.133333333333333,59.144212497711266,15.0
8.15,59.27932339954385,15.0
8.166666666666666,59.41443430137643,15.0
8.183333333333334,59.549545203209014,15.0
8.2,59.6846561050416,15.0
8.216666666666667,59.81976700687418,15.0
8.233333333333333,59.95487790870676,15.0
8.25,60.089988810539346,15.0
8.266666666666667,60.22509971237193,15.0
8.283333333333333,60.36021061420451,15.0
8.3,60.495321516037095,15.0
8.316666666666666,51.44704818725586,15.0
8.333333333333334,51.63034318161011,15.0
8.35,51.81363817596436,15.0
8.366666666666667,51.996933170318606,15.0
8.383333333333333,52.180228164672855,15.0
8.4,52.3635231590271,15.0
8.416666666666666,52.54681815338135,15.0
8.433333333333334,52.7301131477356,15.0
8.45,52.91340814208985,15.0
8.466666666666667,53.0967031364441,15.0
8.483333333333333,53.27999813079835,15.0
8.5,53.463293125152596,15.0
8.516666666666667,53.646588119506845,15.0
8.533333333333333,53.829883113861094,15.0
8.55,54.01317810821534,15.0
8.566666666666666,54.19647310256959,15.0
8.583333333333334,54.37976809692384,15.0
8.6,54.56306309127809,15.0
8.616666666666667,54.74635808563234,15.0
8.633333333333333,49.72469711303711,15.0
8.65,49.92289300584793,15.0
8.666666666666666,50.121088898658755,15.0
8.683333333333334,50.31928479146958,15.0
8.7,50.5174806842804,15.0
8.716666666666667,50.71567657709122,15.0
8.733333333333333,50.913872469902046,15.0
8.75,51.11206836271287,15.0
8.766666666666667,51.31026425552369,15.0
8.783333333333333,51.508460148334514,15.0
8.8,47.72860336303711,15.0
8.816666666666666,47.94087376642227,15.0
8.833333333333334,48.15314416980743,15.0
8.85,48.365414573192595,15.0
8.866666666666667,48.57768497657776,15.0
8.883333333333333,48.78995537996292,15.0
8.9,49.00222578334808,15.0
8.916666666666666,49.21449618673324,15.0
8.933333333333334,49.426766590118405,15.0
8.95,49.63903699350357,15.0
8.966666666666667,49.85130739688873,15.0
8.983333333333333,50.06357780027389,15.0
9.0,50.27584820365905,15.0
9.016666666666667,50.488118607044214,15.0
9.033333333333333,50.700389010429376,15.0
9.05,50.91265941381454,15.0
9.066666666666666,51.1249298171997,15.0
9.083333333333334,51.33720022058486,15.0
9.1,51.549470623970024,15.0
9.116666666666667,51.761741027355185,15.0
9.133333333333333,51.97401143074035,15.0
9.15,52.18628183412551,15.0
9.166666666666666,45.71561813354492,15.0
9.183333333333334,45.932381782054904,15.0
9.2,46.149145430564886,15.0
9.216666666666667,46.36590907907487,15.0
9.233333333333333,46.58267272758485,15.0
9.25,46.79943637609483,15.0
9.266666666666667,47.016200024604814,15.0
9.283333333333333,47.232963673114796,15.0
9.3,47.44972732162478,15.0
9.316666666666666,47.66649097013476,15.0
9.333333333333334,47.88325461864474,15.0
9.35,48.100018267154724,15.0
9.366666666666667,48.316781915664706,15.0
9.383333333333333,48.53354556417469,15.0
9.4,48.75030921268467,15.0
9.416666666666666,48.96707286119465,15.0
9.433333333333334,49.18383650970463,15.0
9.45,49.400600158214615,15.0
9.466666666666667,49.6173638067246,15.0
9.483333333333333,49.83412745523458,15.0
9.5,50.05089110374456,15.0
9.516666666666667,50.26765475225454,15.0
9.533333333333333,50.484418400764525,15.0
9.55,50.70118204927451,15.0
9.566666666666666,50.91794569778449,15.0
9.583333333333334,51.13470934629447,15.0
9.6,51.35147299480445,15.0
9.616666666666667,51.568236643314435,15.0
9.633333333333333,51.78500029182442,15.0
9.65,52.0017639403344,15.0
9.666666666666666,52.21852758884438,15.0
9.683333333333334,52.43529123735436,15.0
9.7,52.652054885864345,15.0
9.716666666666667,52.86881853437433,15.0
9.733333333333333,53.08558218288431,15.0
9.75,53.30234583139429,15.0
9.766666666666667,53.51910947990427,15.0
9.783333333333333,53.735873128414255,15.0
9.8,53.95263677692424,15.0
9.816666666666666,54.16940042543422,15.0
9.833333333333334,54.3861640739442,15.0
9.85,54.60292772245418,15.0
9.866666666666667,54.819691370964165,15.0
9.883333333333333,55.03645501947415,15.0
9.9,55.25321866798413,15.0
9.916666666666666,55.46998231649411,15.0
9.933333333333334,55.68674596500409,15.0
9.95,55.903509613514075,15.0
9.966666666666667,56.12027326202406,15.0
9.983333333333333,42.23572540283203,15.0
10.0,42.43001955270767,15.0
10.016666666666667,42.62431370258331,15.0
10.033333333333333,42.818607852458946,15.0
10.05,43.012902002334584,15.0
10.066666666666666,43.20719615221022,15.0
10.083333333333334,43.40149030208586,15.0
10.1,43.5957844519615,15.0
10.116666666666667,43.79007860183714,15.0
10.133333333333333,43.984372751712776,15.0
10.15,44.178666901588414,15.0
10.166666666666666,44.37296105146405,15.0
10.183333333333334,44.56725520133969,15.0
10.2,44.76154935121533,15.0
10.216666666666667,44.95584350109097,15.0
10.233333333333333,45.150137650966606,15.0
10.25,45.344431800842244,15.0
10.266666666666667,45.53872595071788,15.0
10.283333333333333,45.73302010059352,15.0
10.3,45.92731425046916,15.0
10.316666666666666,46.1216084003448,15.0
10.333333333333334,46.315902550220436,15.0
10.35,46.510196700096074,15.0
10.366666666666667,46.70449084997171,15.0
10.383333333333333,46.89878499984735,15.0
10.4,47.09307914972299,15.0
10.416666666666666,47.28737329959863,15.0
10.433333333333334,47.481667449474266,15.0
10.45,47.675961599349904,15.0
10.466666666666667,47.87025574922554,15.0
10.483333333333333,48.06454989910118,15.0
10.5,48.25884404897682,15.0
10.516666666666667,48.45313819885246,15.0
10.533333333333333,48.647432348728096,15.0
10.55,48.841726498603734,15.0
10.566666666666666,49.03602064847937,15.0
10.583333333333334,49.23031479835501,15.0
10.6,49.42460894823065,15.0
10.616666666666667,49.61890309810629,15.0
10.633333333333333,49.813197247981925,15.0
10.65,50.007491397857564,15.0
10.666666666666666,50.2017855477332,15.0
10.683333333333334,50.39607969760884,15.0
10.7,50.59037384748448,15.0
10.716666666666667,50.78466799736012,15.0
10.733333333333333,50.978962147235755,15.0
10.75,51.173256297111394,15.0
10.766666666666667,51.36755044698703,15.0
10.783333333333333,51.56184459686267,15.0
10.8,51.75613874673831,15.0
10.816666666666666,51.95043289661395,15.0
10.833333333333334,35.76722717285156,15.0
10.85,35.915291201591494,15.0
10.866666666666667,36.063355230331425,15.0
10.883333333333333,36.211419259071356,15.0
10.9,35.63848876953125,15.0
10.916666666666666,35.78623728322983,15.0
10.933333333333334,35.93398579692841,15.0
10.95,36.08173431062699,15.0
10.966666666666667,36.22948282432557,15.0
10.983333333333333,36.37723133802415,15.0
11.0,36.52497985172273,15.0
11.016666666666667,36.672728365421314,15.0
11.033333333333333,36.820476879119894,15.0
11.05,36.968225392818475,15.0
11.066666666666666,37.115973906517056,15.0
11.083333333333334,37.263722420215636,15.0
11.1,37.41147093391422,15.0
11.116666666666667,37.5592194476128,15.0
11.133333333333333,37.70696796131138,15.0
11.15,37.85471647500996,15.0
11.166666666666666,38.00246498870854,15.0
11.183333333333334,38.15021350240712,15.0
11.2,38.2979620161057,15.0
11.216666666666667,38.44571052980428,15.0
11.233333333333333,38.59345904350286,15.0
11.25,38.74120755720144,15.0
11.266666666666667,38.88895607090002,15.0
11.283333333333333,39.0367045845986,15.0
11.3,39.18445309829718,15.0
11.316666666666666,39.332201611995764,15.0
11.333333333333334,39.479950125694344,15.0
11.35,39.627698639392925,15.0
11.366666666666667,39.775447153091505,15.0
11.383333333333333,39.923195666790086,15.0
11.4,40.07094418048867,15.0
11.416666666666666,40.21869269418725,15.0
11.433333333333334,40.36644120788583,15.0
11.45,40.51418972158441,15.0
11.466666666666667,40.66193823528299,15.0
11.483333333333333,33.78095245361328,15.0
11.5,33.8670191693306,15.0
11.516666666666667,33.95308588504791,15.0
11.533333333333333,34.03915260076523,15.0
11.55,34.12521931648254,15.0
11.566666666666666,34.21128603219986,15.0
11.583333333333334,34.297352747917174,15.0
11.6,34.38341946363449,15.0
11.616666666666667,34.469486179351804,15.0
11.633333333333333,34.55555289506912,15.0
11.65,34.641619610786435,15.0
11.666666666666666,34.72768632650375,15.0
11.683333333333334,34.813753042221066,15.0
11.7,32.98076248168945,15.0
11.716666666666667,33.028124297261236,15.0
11.733333333333333,33.07548611283302,15.0
11.75,33.1228479284048,15.0
11.766666666666667,33.170209743976585,15.0
11.783333333333333,33.21757155954837,15.0
11.8,33.26493337512015,15.0
11.816666666666666,33.312295190691934,15.0
11.833333333333334,33.35965700626372,15.0
11.85,33.4070188218355,15.0
11.866666666666667,33.45438063740728,15.0
11.883333333333333,33.501742452979066,15.0
11.9,33.54910426855085,15.0
11.916666666666666,33.59646608412263,15.0
11.933333333333334,33.643827899694415,15.0
11.95,33.6911897152662,15.0
11.966666666666667,33.73855153083798,15.0
11.983333333333333,33.785913346409764,15.0
12.0,33.83327516198155,15.0
12.016666666666667,33.88063697755333,15.0
12.033333333333333,33.92799879312511,15.0
12.05,33.975360608696896,15.0
12.066666666666666,34.02272242426868,15.0
12.083333333333334,34.07008423984046,15.0
12.1,34.117446055412245,15.0
12.116666666666667,34.16480787098403,15.0
12.133333333333333,34.21216968655581,15.0
12.15,34.259531502127594,15.0
12.166666666666666,34.30689331769938,15.0
12.183333333333334,34.35425513327116,15.0
12.2,34.40161694884294,15.0
12.216666666666667,34.448978764414726,15.0
12.233333333333333,34.49634057998651,15.0
12.25,34.54370239555829,15.0
12.266666666666667,34.591064211130075,15.0
12.283333333333333,34.63842602670186,15.0
12.3,34.68578784227364,15.0
12.316666666666666,34.73314965784542,15.0
12.333333333333334,34.78051147341721,15.0
12.35,33.19447326660156,15.0
12.366666666666667,33.18959238317609,15.0
12.383333333333333,33.18471149975062,15.0
12.4,33.17983061632515,15.0
12.416666666666666,33.17494973289968,15.0
12.433333333333334,33.170068849474205,15.0
12.45,33.165187966048734,15.0
12.466666666666667,33.16030708262326,15.0
12.483333333333333,33.15542619919779,15.0
12.5,33.15054531577232,15.0
12.516666666666667,33.14566443234685,15.0
12.533333333333333,33.14078354892138,15.0
12.55,33.135902665495905,15.0
12.566666666666666,33.131021782070434,15.0
12.583333333333334,33.12614089864496,15.0
12.6,32.80491256713867,15.0
12.616666666666667,32.78588056522608,15.0
12.633333333333333,32.76684856331349,15.0
12.65,32.747816561400896,15.0
12.666666666666666,32.728784559488304,15.0
12.683333333333334,32.70975255757571,15.0
12.7,32.69072055566312,15.0
12.716666666666667,33.23484420776367,15.0
12.733333333333333,33.2121196385622,15.0
12.75,33.18939506936073,15.0
12.766666666666667,33.448787689208984,15.0
12.783333333333333,33.42486530250311,15.0
12.8,33.40094291579723,15.0
12.816666666666666,33.377020529091354,15.0
12.833333333333334,34.647369384765625,15.0
12.85,34.622116373836995,15.0
12.866666666666667,34.596863362908366,15.0
12.883333333333333,34.571610351979736,15.0
12.9,34.546357341051106,15.0
12.916666666666666,33.4587287902832,15.0
12.933333333333334,33.43207726967335,15.0
12.95,33.4054257490635,15.0
12.966666666666667,33.37877422845364,15.0
12.983333333333333,32.9765625,15.0
13.0,32.94886909997463,15.0
13.016666666666667,32.92117569994926,15.0
13.033333333333333,32.89348229992389,15.0
13.05,32.86578889989852,15.0
13.066666666666666,32.83809549987315,15.0
13.083333333333334,32.81040209984778,15.0
13.1,32.78270869982241,15.0
13.116666666666667,32.75501529979704,15.0
13.133333333333333,32.72732189977167,15.0
13.15,32.6996284997463,15.0
13.166666666666666,32.671935099720926,15.0
13.183333333333334,32.644241699695556,15.0
13.2,32.616548299670185,15.0
13.216666666666667,32.588854899644815,15.0
13.233333333333333,32.561161499619445,15.0
13.25,32.533468099594074,15.0
13.266666666666667,32.505774699568704,15.0
13.283333333333333,33.28499221801758,15.0
13.3,33.25400911617279,15.0
13.316666666666666,33.223026014328,15.0
13.333333333333334,33.19204291248321,15.0
13.35,33.16105981063842,15.0
13.366666666666667,33.13007670879363,15.0
13.383333333333333,33.09909360694884,15.0
13.4,33.06811050510405,15.0
13.416666666666666,33.03712740325926,15.0
13.433333333333334,33.20501708984375,15.0
13.45,33.17337632733584,15.0
13.466666666666667,33.37620162963867,15.0
13.483333333333333,33.34448533219099,15.0
13.5,33.44976806640625,15.0
13.516666666666667,33.41801305735111,15.0
13.533333333333333,33.022369384765625,15.0
13.55,32.9905751054883,15.0
13.566666666666666,32.95878082621097,15.0
13.583333333333334,32.92698654693364,15.0
13.6,32.89519226765631,15.0
13.616666666666667,32.863397988378985,15.0
13.633333333333333,32.83160370910166,15.0
13.65,32.79980942982433,15.0
13.666666666666666,32.768015150547,15.0
13.683333333333334,32.73622087126967,15.0
13.7,32.704426591992345,15.0
13.716666666666667,32.67263231271502,15.0
13.733333333333333,32.64083803343769,15.0
13.75,32.60904375416036,15.0
13.766666666666667,32.57724947488303,15.0
13.783333333333333,34.494380950927734,15.0
13.8,34.46313029819727,15.0
13.816666666666666,34.43187964546681,15.0
13.833333333333334,34.400628992736344,15.0
13.85,34.36937834000588,15.0
13.866666666666667,34.33812768727542,15.0
13.883333333333333,34.306877034544954,15.0
13.9,34.27562638181449,15.0
13.916666666666666,34.24437572908403,15.0
13.933333333333334,34.21312507635356,15.0
13.95,34.1818744236231,15.0
13.966666666666667,34.150623770892636,15.0
13.983333333333333,34.95808410644531,15.0
14.0,34.92791636574268,15.0
14.016666666666667,34.863502502441406,15.0
14.033333333333333,34.83356555223465,15.0
14.05,34.8036286020279,15.0
14.066666666666666,34.773691651821146,15.0
14.083333333333334,34.74375470161439,15.0
14.1,34.71381775140764,15.0
14.116666666666667,34.683880801200885,15.0
14.133333333333333,34.65394385099413,15.0
14.15,34.62400690078738,15.0
14.166666666666666,34.594069950580625,15.0
14.183333333333334,34.56413300037387,15.0
14.2,34.53419605016712,15.0
14.216666666666667,34.504259099960365,15.0
14.233333333333333,34.47432214975361,15.0
14.25,34.44438519954686,15.0
14.266666666666667,34.414448249340104,15.0
14.283333333333333,34.38451129913335,15.0
14.3,34.3545743489266,15.0
14.316666666666666,34.324637398719844,15.0
14.333333333333334,34.29470044851309,15.0
14.35,34.26476349830634,15.0
14.366666666666667,34.23482654809958,15.0
14.383333333333333,34.20488959789283,15.0
14.4,34.17495264768608,15.0
14.416666666666666,34.14501569747932,15.0
14.433333333333334,34.11507874727257,15.0
14.45,34.085141797065816,15.0
14.466666666666667,34.05520484685906,15.0
14.483333333333333,34.02526789665231,15.0
14.5,34.08899688720703,15.0
14.516666666666667,34.06354190558195,15.0
14.533333333333333,34.03808692395687,15.0
14.55,34.01263194233179,15.0
14.566666666666666,33.987176960706705,15.0
14.583333333333334,33.961721979081624,15.0
14.6,33.93626699745654,15.0
14.616666666666667,33.91081201583146,15.0
14.633333333333333,33.88535703420638,15.0
14.65,33.8599020525813,15.0
14.666666666666666,33.834447070956216,15.0
14.683333333333334,33.808992089331134,15.0
14.7,33.78353710770605,15.0
14.716666666666667,33.75808212608097,15.0
14.733333333333333,33.73262714445589,15.0
14.75,33.70717216283081,15.0
14.766666666666667,33.68171718120573,15.0
14.783333333333333,33.656262199580645,15.0
14.8,34.810699462890625,15.0
14.816666666666666,34.7887844247818,15.0
14.833333333333334,34.76686938667298,15.0
14.85,34.74495434856416,15.0
14.866666666666667,34.723039310455334,15.0
14.883333333333333,34.862422943115234,15.0
14.9,34.8415124732852,15.0
14.916666666666666,34.820602003455164,15.0
14.933333333333334,34.79969153362513,15.0
14.95,34.778781063795094,15.0
14.966666666666667,34.75787059396506,15.0
14.983333333333333,34.736960124135024,15.0
15.0,34.71604965430499,15.0
15.016666666666667,34.67929458618164,15.0
15.033333333333333,34.659874862372874,15.0
15.05,34.64045513856411,15.0
15.066666666666666,34.62103541475534,15.0
15.083333333333334,34.60161569094657,15.0
15.1,34.58219596713781,15.0
15.116666666666667,34.56277624332904,15.0
15.133333333333333,34.54335651952027,15.0
15.15,34.523936795711506,15.0
15.166666666666666,34.50451707190274,15.0
15.183333333333334,34.48509734809397,15.0
15.2,34.465677624285206,15.0
15.216666666666667,34.44625790047644,15.0
15.233333333333333,34.42683817666767,15.0
15.25,34.407418452858906,15.0
15.266666666666667,34.38799872905014,15.0
15.283333333333333,34.878684997558594,15.0
15.3,34.8621254696846,15.0
15.316666666666666,34.845565941810605,15.0
15.333333333333334,34.82900641393661,15.0
15.35,34.81244688606262,15.0
15.366666666666667,34.79588735818862,15.0
15.383333333333333,34.77932783031463,15.0
15.4,34.762768302440634,15.0
15.416666666666666,34.74620877456664,15.0
15.433333333333334,34.729649246692645,15.0
15.45,34.71308971881865,15.0
15.466666666666667,34.69653019094466,15.0
15.483333333333333,34.67997066307066,15.0
15.5,34.66341113519667,15.0
15.516666666666667,34.646851607322674,15.0
15.533333333333333,34.63029207944868,15.0
15.55,34.613732551574685,15.0
15.566666666666666,34.59717302370069,15.0
15.583333333333334,34.5806134958267,15.0
15.6,34.5640539679527,15.0
15.616666666666667,34.54749444007871,15.0
15.633333333333333,34.530934912204714,15.0
15.65,34.51437538433072,15.0
15.666666666666666,34.497815856456725,15.0
15.683333333333334,34.48125632858273,15.0
15.7,34.46469680070874,15.0
15.716666666666667,34.44813727283474,15.0
15.733333333333333,34.43157774496075,15.0
15.75,34.415018217086754,15.0
15.766666666666667,34.39845868921276,15.0
15.783333333333333,34.381899161338765,15.0
15.8,34.36533963346477,15.0
15.816666666666666,34.7341194152832,15.0
15.833333333333334,34.72337937143445,15.0
15.85,34.71263932758569,15.0
15.866666666666667,34.701899283736935,15.0
15.883333333333333,35.09431457519531,15.0
15.9,35.084367290228606,15.0
15.916666666666666,35.0744200052619,15.0
15.933333333333334,35.06447272029519,15.0
15.95,35.054525435328486,15.0
15.966666666666667,35.04457815036178,15.0
15.983333333333333,35.03463086539507,15.0
16.0,35.024683580428366,15.0
16.016666666666666,35.01473629546166,15.0
16.033333333333335,35.00478901049495,15.0
16.05,34.99484172552825,15.0
16.066666666666666,34.98489444056154,15.0
16.083333333333332,34.97494715559483,15.0
16.1,34.96499987062813,15.0
16.116666666666667,34.95505258566142,15.0
16.133333333333333,34.94510530069471,15.0
16.15,34.93515801572801,15.0
16.166666666666668,34.9252107307613,15.0
16.183333333333334,34.915263445794594,15.0
16.2,34.90531616082789,15.0
16.216666666666665,34.89536887586118,15.0
16.233333333333334,34.885421590894474,15.0
16.25,34.87547430592777,15.0
16.266666666666666,34.86552702096106,15.0
16.283333333333335,34.855579735994354,15.0
16.3,34.84563245102765,15.0
16.316666666666666,34.83568516606094,15.0
16.333333333333332,34.825737881094234,15.0
16.35,34.81579059612753,15.0
16.366666666666667,34.80584331116082,15.0
16.383333333333333,34.795896026194114,15.0
16.4,34.78594874122741,15.0
16.416666666666668,34.7760014562607,15.0
16.433333333333334,34.766054171293995,15.0
16.45,34.75610688632729,15.0
16.466666666666665,34.74615960136058,15.0
16.483333333333334,34.736212316393875,15.0
16.5,34.72626503142717,15.0
16.516666666666666,34.71631774646046,15.0
16.533333333333335,34.706370461493755,15.0
16.55,34.69642317652705,15.0
16.566666666666666,34.68647589156034,15.0
16.583333333333332,34.676528606593635,15.0
16.6,34.66658132162693,15.0
16.616666666666667,34.65663403666022,15.0
16.633333333333333,34.646686751693515,15.0
16.65,34.63673946672681,15.0
16.666666666666668,34.6267921817601,15.0
16.683333333333334,34.616844896793395,15.0
16.7,34.60689761182669,15.0
16.716666666666665,34.59695032685998,15.0
16.733333333333334,34.587003041893276,15.0
16.75,34.57705575692657,15.0
16.766666666666666,34.56710847195986,15.0
16.783333333333335,34.557161186993156,15.0
16.8,34.934818267822266,15.0
16.816666666666666,34.93306933730096,15.0
16.833333333333332,34.93132040677965,15.0
16.85,34.92957147625834,15.0
16.866666666666667,34.92782254573703,15.0
16.883333333333333,34.92607361521572,15.0
16.9,34.92432468469441,15.0
16.916666666666668,34.9225757541731,15.0
16.933333333333334,34.920826823651794,15.0
16.95,34.919077893130485,15.0
16.966666666666665,34.917328962609176,15.0
16.983333333333334,34.91558003208787,15.0
17.0,34.91383110156656,15.0
17.016666666666666,34.91208217104525,15.0
17.033333333333335,34.91033324052394,15.0
17.05,34.90858431000263,15.0
17.066666666666666,34.90683537948132,15.0
17.083333333333332,34.90508644896001,15.0
17.1,34.903337518438704,15.0
17.116666666666667,34.901588587917395,15.0
17.133333333333333,34.899839657396086,15.0
17.15,34.89809072687478,15.0
17.166666666666668,34.89634179635347,15.0
17.183333333333334,34.89459286583216,15.0
17.2,34.89284393531085,15.0
17.216666666666665,34.89109500478954,15.0
17.233333333333334,34.88934607426823,15.0
17.25,34.88759714374692,15.0
17.266666666666666,34.885848213225614,15.0
17.283333333333335,34.884099282704305,15.0
17.3,34.882350352182996,15.0
17.316666666666666,34.88060142166169,15.0
17.333333333333332,34.87885249114038,15.0
17.35,34.87710356061907,15.0
17.366666666666667,34.87535463009776,15.0
17.383333333333333,34.87360569957645,15.0
17.4,34.87185676905514,15.0
17.416666666666668,34.87010783853383,15.0
17.433333333333334,34.868358908012524,15.0
17.45,34.866609977491215,15.0
17.466666666666665,34.86486104696991,15.0
17.483333333333334,34.8631121164486,15.0
17.5,34.86136318592729,15.0
17.516666666666666,34.85961425540598,15.0
17.533333333333335,34.85786532488467,15.0
17.55,34.85611639436336,15.0
17.566666666666666,34.85436746384205,15.0
17.583333333333332,34.852618533320744,15.0
17.6,34.850869602799435,15.0
17.616666666666667,34.849120672278126,15.0
17.633333333333333,35.76851272583008,15.0
17.65,35.770591796182096,15.0
17.666666666666668,35.77267086653411,15.0
17.683333333333334,35.77474993688613,15.0
17.7,35.77682900723815,15.0
17.716666666666665,35.77890807759017,15.0
17.733333333333334,35.780987147942184,15.0
17.75,35.7830662182942,15.0
17.766666666666666,35.78514528864622,15.0
17.783333333333335,35.78722435899824,15.0
17.8,35.789303429350255,15.0
17.816666666666666,35.79138249970227,15.0
17.833333333333332,35.30735778808594,15.0
17.85,35.3099394331947,15.0
17.866666666666667,35.31252107830346,15.0
17.883333333333333,35.315102723412224,15.0
17.9,35.317684368520986,15.0
17.916666666666668,35.32026601362975,15.0
17.933333333333334,35.32284765873851,15.0
17.95,35.32542930384727,15.0
17.966666666666665,35.328010948956035,15.0
17.983333333333334,35.3305925940648,15.0
18.0,35.33317423917356,15.0
18.016666666666666,35.33575588428232,15.0
18.033333333333335,35.33833752939108,15.0
18.05,35.340919174499845,15.0
18.066666666666666,35.34350081960861,15.0
18.083333333333332,35.34608246471737,15.0
18.1,35.34866410982613,15.0
18.116666666666667,35.351245754934894,15.0
18.133333333333333,35.37087631225586,15.0
18.15,35.373535649806264,15.0
18.166666666666668,35.37619498735667,15.0
18.183333333333334,35.378854324907074,15.0
18.2,35.38151366245748,15.0
18.216666666666665,35.384173000007884,15.0
18.233333333333334,35.38683233755829,15.0
18.25,35.389491675108694,15.0
18.266666666666666,35.3921510126591,15.0
18.283333333333335,35.394810350209504,15.0
18.3,35.39746968775991,15.0
18.316666666666666,35.400129025310314,15.0
18.333333333333332,35.40278836286072,15.0
18.35,35.47970199584961,15.0
18.366666666666667,36.14582824707031,15.0
18.383333333333333,36.14841016066819,15.0
18.4,36.15099207426607,15.0
18.416666666666668,36.15357398786395,15.0
18.433333333333334,36.15615590146183,15.0
18.45,36.15873781505971,15.0
18.466666666666665,36.16131972865759,15.0
18.483333333333334,36.16390164225547,15.0
18.5,36.16648355585335,15.0
18.516666666666666,36.169065469451226,15.0
18.533333333333335,36.171647383049105,15.0
18.55,36.174229296646985,15.0
18.566666666666666,36.176811210244864,15.0
18.583333333333332,36.17939312384274,15.0
18.6,36.18197503744062,15.0
18.616666666666667,36.1845569510385,15.0
18.633333333333333,36.18713886463638,15.0
18.65,34.97285079956055,15.0
18.666666666666668,34.975239598423244,15.0
18.683333333333334,34.97762839728594,15.0
18.7,34.98001719614864,15.0
18.716666666666665,34.982405995011334,15.0
18.733333333333334,34.98479479387403,15.0
18.75,34.98718359273673,15.0
18.766666666666666,34.989572391599424,15.0
18.783333333333335,34.99196119046212,15.0
18.8,34.99434998932482,15.0
18.816666666666666,34.996738788187514,15.0
18.833333333333332,34.99912758705021,15.0
18.85,35.00151638591291,15.0
18.866666666666667,35.003905184775604,15.0
18.883333333333333,35.0062939836383,15.0
18.9,35.008682782501,15.0
18.916666666666668,35.011071581363694,15.0
18.933333333333334,35.01346038022639,15.0
18.95,35.01584917908909,15.0
18.966666666666665,35.018237977951785,15.0
18.983333333333334,35.02062677681448,15.0
19.0,35.02301557567718,15.0
19.016666666666666,35.025404374539875,15.0
19.033333333333335,35.02779317340257,15.0
19.05,35.03018197226527,15.0
19.066666666666666,35.032570771127965,15.0
19.083333333333332,35.96057891845703,15.0
19.1,35.96200092007592,15.0
19.116666666666667,35.963422921694814,15.0
19.133333333333333,35.964844923313706,15.0
19.15,35.9662669249326,15.0
19.166666666666668,35.96768892655149,15.0
19.183333333333334,35.96911092817038,15.0
19.2,35.9146728515625,15.0
19.216666666666665,35.915901529334484,15.0
19.233333333333334,35.91713020710647,15.0
19.25,35.91835888487845,15.0
19.266666666666666,35.919587562650435,15.0
19.283333333333335,35.92081624042242,15.0
19.3,35.9220449181944,15.0
19.316666666666666,35.894351959228516,15.0
19.333333333333332,35.89561915375665,15.0
19.35,35.89688634828478,15.0
19.366666666666667,35.89815354281291,15.0
19.383333333333333,35.899420737341046,15.0
19.4,35.90068793186918,15.0
19.416666666666668,35.90195512639731,15.0
19.433333333333334,35.903222320925444,15.0
19.45,35.90448951545358,15.0
19.466666666666665,35.90575670998171,15.0
19.483333333333334,35.90702390450984,15.0
19.5,35.908291099037974,15.0
19.516666666666666,35.90955829356611,15.0
19.533333333333335,35.91082548809424,15.0
19.55,35.91209268262237,15.0
19.566666666666666,35.913359877150505,15.0
19.583333333333332,35.91462707167864,15.0
19.6,35.91589426620677,15.0
19.616666666666667,35.9171614607349,15.0
19.633333333333333,35.918428655263035,15.0
19.65,35.91969584979117,15.0
19.666666666666668,35.9209630443193,15.0
19.683333333333334,35.92223023884743,15.0
19.7,35.001914978027344,15.0
19.716666666666665,34.688621520996094,15.0
19.733333333333334,34.68977272133902,15.0
19.75,34.69092392168194,15.0
19.766666666666666,34.69207512202487,15.0
19.783333333333335,34.69322632236779,15.0
19.8,34.69437752271072,15.0
19.816666666666666,34.69552872305364,15.0
19.833333333333332,35.65507125854492,15.0
19.85,35.65595174815319,15.0
19.866666666666667,35.65683223776146,15.0
19.883333333333333,35.657712727369734,15.0
19.9,35.658593216978005,15.0
19.916666666666668,35.09803771972656,15.0
19.933333333333334,35.09876343236305,15.0
19.95,35.09948914499954,15.0
19.966666666666665,35.100214857636026,15.0
19.983333333333334,35.10094057027251,15.0
20.0,35.101666282909,15.0
20.016666666666666,35.10239199554549,15.0
20.033333333333335,35.103117708181976,15.0
20.05,35.103843420818464,15.0
20.066666666666666,35.10456913345495,15.0
20.083333333333332,35.10529484609144,15.0
20.1,35.10602055872793,15.0
20.116666666666667,35.63679504394531,15.0
20.133333333333333,35.63744350799546,15.0
20.15,35.6380919720456,15.0
20.166666666666668,35.638740436095745,15.0
20.183333333333334,35.63938890014589,15.0
20.2,35.64003736419603,15.0
20.216666666666665,35.64068582824618,15.0
20.233333333333334,35.64133429229632,15.0
20.25,35.641982756346465,15.0
20.266666666666666,35.64263122039661,15.0
20.283333333333335,35.64327968444675,15.0
20.3,35.6439281484969,15.0
20.316666666666666,35.64457661254704,15.0
20.333333333333332,35.645225076597185,15.0
20.35,35.64587354064733,15.0
20.366666666666667,35.646522004697474,15.0
20.383333333333333,35.64717046874762,15.0
20.4,35.64781893279776,15.0
20.416666666666668,35.648467396847906,15.0
20.433333333333334,35.64911586089805,15.0
20.45,35.649764324948194,15.0
20.466666666666665,35.65041278899834,15.0
20.483333333333334,35.65106125304848,15.0
20.5,35.651709717098626,15.0
20.516666666666666,35.65235818114877,15.0
20.533333333333335,35.653006645198914,15.0
20.55,35.65365510924906,15.0
20.566666666666666,35.6543035732992,15.0
20.583333333333332,35.65495203734935,15.0
20.6,35.65560050139949,15.0
20.616666666666667,35.40168762207031,15.0
20.633333333333333,35.40225879180245,15.0
20.65,35.40282996153459,15.0
20.666666666666668,35.40340113126673,15.0
20.683333333333334,35.47108459472656,15.0
20.7,35.47165574903041,15.0
20.716666666666665,35.47222690333426,15.0
20.733333333333334,35.47279805763811,15.0
20.75,35.47336921194196,15.0
20.766666666666666,35.473940366245806,15.0
20.783333333333335,35.474511520549655,15.0
20.8,35.4750826748535,15.0
20.816666666666666,35.47565382915735,15.0
20.833333333333332,35.4762249834612,15.0
20.85,35.47679613776505,15.0
20.866666666666667,35.4773672920689,15.0
20.883333333333333,35.47793844637275,15.0
20.9,35.478509600676595,15.0
20.916666666666668,35.479080754980444,15.0
20.933333333333334,35.47965190928429,15.0
20.95,35.48022306358814,15.0
20.966666666666665,36.0428466796875,15.0
20.983333333333334,36.04341785415262,15.0
21.0,36.07966995239258,15.0
21.016666666666666,36.0802411009185,15.0
21.033333333333335,36.08081224944442,15.0
21.05,36.08138339797034,15.0
21.066666666666666,36.95637130737305,15.0
21.083333333333332,36.95694238490425,15.0
21.1,36.95751346243546,15.0
21.116666666666667,36.95808453996666,15.0
21.133333333333333,36.95865561749787,15.0
21.15,36.95922669502907,15.0
21.166666666666668,36.95979777256028,15.0
21.183333333333334,36.960368850091484,15.0
21.2,36.96093992762269,15.0
21.216666666666665,36.961511005153895,15.0
21.233333333333334,36.9620820826851,15.0
21.25,36.962653160216306,15.0
21.266666666666666,36.96322423774751,15.0
21.283333333333335,36.963795315278716,15.0
21.3,36.96436639280992,15.0
21.316666666666666,36.96493747034113,15.0
21.333333333333332,36.96550854787233,15.0
21.35,36.933815002441406,15.0
21.366666666666667,35.38729476928711,15.0
21.383333333333333,36.08372116088867,15.0
21.4,36.08421498070564,15.0
21.416666666666668,36.084708800522606,15.0
21.433333333333334,36.08520262033957,15.0
21.45,35.10095977783203,15.0
21.466666666666665,35.10110555803636,15.0
21.483333333333334,35.10125133824069,15.0
21.5,35.101397118445014,15.0
21.516666666666666,35.10154289864934,15.0
21.533333333333335,35.10168867885367,15.0
21.55,35.101834459058,15.0
21.566666666666666,35.101980239262325,15.0
21.583333333333332,35.10212601946665,15.0
21.6,35.10227179967098,15.0
21.616666666666667,35.10241757987531,15.0
21.633333333333333,35.102563360079635,15.0
21.65,35.02346420288086,15.0
21.666666666666668,35.022643451487646,15.0
21.683333333333334,35.02182270009443,15.0
21.7,35.02100194870122,15.0
21.716666666666665,35.020181197308005,15.0
21.733333333333334,35.01936044591479,15.0
21.75,35.01853969452158,15.0
21.766666666666666,35.017718943128365,15.0
21.783333333333335,35.01689819173515,15.0
21.8,35.01607744034194,15.0
21.816666666666666,35.015256688948725,15.0
21.833333333333332,35.01443593755551,15.0
21.85,35.0136151861623,15.0
21.866666666666667,35.012794434769084,15.0
21.883333333333333,35.01197368337587,15.0
21.9,35.01115293198266,15.0
21.916666666666668,35.010332180589444,15.0
21.933333333333334,35.00951142919623,15.0
21.95,35.00869067780302,15.0
21.966666666666665,35.0078699264098,15.0
21.983333333333334,35.00704917501659,15.0
22.0,35.00622842362338,15.0
22.016666666666666,35.00540767223016,15.0
22.033333333333335,35.00458692083695,15.0
22.05,35.003766169443736,15.0
22.066666666666666,35.00294541805052,15.0
22.083333333333332,35.00212466665731,15.0
22.1,35.001303915264096,15.0
22.116666666666667,35.00048316387088,15.0
22.133333333333333,34.99966241247767,15.0
22.15,34.998841661084455,15.0
22.166666666666668,34.99802090969124,15.0
22.183333333333334,34.99720015829803,15.0
22.2,34.996379406904815,15.0
22.216666666666665,34.9955586555116,15.0
22.233333333333334,34.99473790411839,15.0
22.25,34.993917152725174,15.0
22.266666666666666,35.620452880859375,15.0
22.283333333333335,35.620134656770155,15.0
22.3,35.619816432680935,15.0
22.316666666666666,35.619498208591715,15.0
22.333333333333332,35.619179984502495,15.0
22.35,35.618861760413274,15.0
22.366666666666667,35.618543536324054,15.0
22.383333333333333,35.618225312234834,15.0
22.4,35.719486236572266,15.0
22.416666666666668,35.71932271626266,15.0
22.433333333333334,35.719159195953054,15.0
22.45,35.71899567564345,15.0
22.466666666666665,35.71883215533384,15.0
22.483333333333334,35.71866863502424,15.0
22.5,35.71850511471463,15.0
22.516666666666666,35.718341594405025,15.0
22.533333333333335,35.71817807409542,15.0
22.55,35.718014553785814,15.0
22.566666666666666,35.71785103347621,15.0
22.583333333333332,35.7176875131666,15.0
22.6,35.717523992857,15.0
22.616666666666667,35.71736047254739,15.0
22.633333333333333,35.717196952237785,15.0
22.65,35.71703343192818,15.0
22.666666666666668,35.71686991161857,15.0
22.683333333333334,35.71670639130897,15.0
22.7,35.71654287099936,15.0
22.716666666666665,35.716379350689756,15.0
22.733333333333334,35.71621583038015,15.0
22.75,35.716052310070545,15.0
22.766666666666666,35.71588878976094,15.0
22.783333333333335,35.62696838378906,15.0
22.8,35.62707552894344,15.0
22.816666666666666,35.627182674097824,15.0
22.833333333333332,35.627289819252205,15.0
22.85,35.627396964406586,15.0
22.866666666666667,35.62750410956097,15.0
22.883333333333333,35.62761125471535,15.0
22.9,35.62771839986973,15.0
22.916666666666668,35.62782554502411,15.0
22.933333333333334,36.047977447509766,15.0
22.95,36.04816191120027,15.0
22.966666666666665,36.04834637489077,15.0
22.983333333333334,36.04853083858127,15.0
23.0,35.264278411865234,15.0
23.016666666666666,35.26446284815669,15.0
23.033333333333335,35.264647284448145,15.0
23.05,35.2648317207396,15.0
23.066666666666666,35.265016157031056,15.0
23.083333333333332,35.26520059332251,15.0
23.1,35.03004455566406,15.0
23.116666666666667,35.03015166834835,15.0
23.133333333333333,35.03025878103264,15.0
23.15,35.62468338012695,15.0
23.166666666666668,35.624790532211776,15.0
23.183333333333334,35.6248976842966,15.0
23.2,35.62500483638142,15.0
23.216666666666665,35.625111988466244,15.0
23.233333333333334,35.62521914055107,15.0
23.25,35.62532629263589,15.0
23.266666666666666,35.62543344472071,15.0
23.283333333333335,35.625540596805536,15.0
23.3,35.62564774889036,15.0
23.316666666666666,35.62575490097518,15.0
23.333333333333332,35.625862053060004,15.0
23.35,35.62596920514483,15.0
23.366666666666667,35.62607635722965,15.0
23.383333333333333,35.62618350931447,15.0
23.4,35.626290661399295,15.0
23.416666666666668,35.62639781348412,15.0
23.433333333333334,35.62650496556894,15.0
23.45,35.626612117653764,15.0
23.466666666666665,35.62671926973859,15.0
23.483333333333334,35.62682642182341,15.0
23.5,35.62693357390823,15.0
23.516666666666666,35.627040725993055,15.0
23.533333333333335,35.62714787807788,15.0
23.55,35.6272550301627,15.0
23.566666666666666,35.62736218224752,15.0
23.583333333333332,35.627469334332346,15.0
23.6,35.62757648641717,15.0
23.616666666666667,35.62768363850199,15.0
23.633333333333333,35.627790790586815,15.0
23.65,35.56523513793945,15.0
23.666666666666668,35.56541963012004,15.0
23.683333333333334,35.56560412230063,15.0
23.7,35.565788614481214,15.0
23.716666666666665,35.5659731066618,15.0
23.733333333333334,35.56615759884239,15.0
23.75,34.994773864746094,15.0
23.766666666666666,34.99503568159416,15.0
23.783333333333335,34.99529749844223,15.0
23.8,34.99555931529029,15.0
23.816666666666666,34.99582113213836,15.0
23.833333333333332,34.99608294898643,15.0
23.85,34.99634476583449,15.0
23.866666666666667,34.99660658268256,15.0
23.883333333333333,35.06240463256836,15.0
23.9,35.062666456946175,15.0
23.916666666666668,35.06292828132399,15.0
23.933333333333334,35.06319010570181,15.0
23.95,35.06345193007962,15.0
23.966666666666665,35.06371375445744,15.0
23.983333333333334,35.063975578835255,15.0
24.0,35.06423740321307,15.0
24.016666666666666,35.064499227590886,15.0
24.033333333333335,35.0647610519687,15.0
24.05,35.06502287634652,15.0
24.066666666666666,35.065284700724334,15.0
24.083333333333332,35.06554652510215,15.0
24.1,35.065808349479965,15.0
24.116666666666667,35.06607017385778,15.0
24.133333333333333,35.0663319982356,15.0
24.15,35.06659382261341,15.0
24.166666666666668,35.06685564699123,15.0
24.183333333333334,35.067117471369045,15.0
24.2,35.06737929574686,15.0
24.216666666666665,35.06764112012468,15.0
24.233333333333334,35.06790294450249,15.0
24.25,35.06816476888031,15.0
24.266666666666666,35.068426593258124,15.0
24.283333333333335,35.06868841763594,15.0
24.3,35.068950242013756,15.0
24.316666666666666,35.06921206639157,15.0
24.333333333333332,35.45130157470703,15.0
24.35,35.45164074687939,15.0
24.366666666666667,35.63698196411133,15.0
24.383333333333333,35.63732112537325,15.0
24.4,35.63766028663517,15.0
24.416666666666668,35.63799944789709,15.0
24.433333333333334,35.63833860915901,15.0
24.45,35.63867777042093,15.0
24.466666666666665,34.77237319946289,15.0
24.483333333333334,34.9223518371582,15.0
24.5,35.923641204833984,15.0
24.516666666666666,35.92398035075981,15.0
24.533333333333335,35.92431949668564,15.0
24.55,35.92465864261147,15.0
24.566666666666666,35.9249977885373,15.0
24.583333333333332,35.925336934463125,15.0
24.6,35.92567608038895,15.0
24.616666666666667,35.92601522631478,15.0
24.633333333333333,35.92635437224061,15.0
24.65,35.92669351816644,15.0
24.666666666666668,35.927032664092266,15.0
24.683333333333334,35.927371810018094,15.0
24.7,35.92771095594392,15.0
24.716666666666665,35.92805010186975,15.0
24.733333333333334,35.92838924779558,15.0
24.75,35.92872839372141,15.0
24.766666666666666,35.929067539647235,15.0
24.783333333333335,35.92940668557306,15.0
24.8,35.92974583149889,15.0
24.816666666666666,35.93008497742472,15.0
24.833333333333332,35.93042412335055,15.0
24.85,35.930763269276376,15.0
24.866666666666667,35.931102415202204,15.0
24.883333333333333,35.93144156112803,15.0
24.9,35.93178070705386,15.0
24.916666666666668,35.93211985297969,15.0
24.933333333333334,35.93245899890552,15.0
24.95,35.932798144831345,15.0
24.966666666666665,35.93313729075717,15.0
24.983333333333334,35.933476436683,15.0
25.0,35.93381558260883,15.0
25.016666666666666,35.93415472853466,15.0
25.033333333333335,35.934493874460486,15.0
25.05,35.934833020386314,15.0
25.066666666666666,35.93517216631214,15.0
25.083333333333332,35.93551131223797,15.0
25.1,35.9358504581638,15.0
25.116666666666667,35.93618960408963,15.0
25.133333333333333,35.936528750015455,15.0
25.15,35.93686789594128,15.0
25.166666666666668,35.93720704186711,15.0
25.183333333333334,35.93754618779294,15.0
25.2,35.93788533371877,15.0
25.216666666666665,35.938224479644596,15.0
25.233333333333334,35.938563625570424,15.0
25.25,35.93890277149625,15.0
25.266666666666666,35.93924191742208,15.0
25.283333333333335,35.93958106334791,15.0
25.3,35.93992020927374,15.0
25.316666666666666,35.940259355199565,15.0
25.333333333333332,35.94059850112539,15.0
25.35,35.94093764705122,15.0
25.366666666666667,35.94127679297705,15.0
25.383333333333333,35.94161593890288,15.0
25.4,35.941955084828706,15.0
25.416666666666668,35.942294230754534,15.0
25.433333333333334,35.94263337668036,15.0
25.45,35.94297252260619,15.0
25.466666666666665,35.193809509277344,15.0
25.483333333333334,35.19383931656991,15.0
25.5,35.19386912386247,15.0
25.516666666666666,35.19389893115503,15.0
25.533333333333335,35.193928738447596,15.0
25.55,34.91604995727539,15.0
25.566666666666666,34.91607976417226,15.0
25.583333333333332,34.91610957106913,15.0
25.6,34.916139377966,15.0
25.616666666666667,34.916169184862866,15.0
25.633333333333333,34.916198991759735,15.0
25.65,34.916228798656604,15.0
25.666666666666668,34.91625860555347,15.0
25.683333333333334,34.718875885009766,15.0
25.7,34.7187510288856,15.0
25.716666666666665,34.71862617276143,15.0
25.733333333333334,34.718501316637266,15.0
25.75,34.7183764605131,15.0
25.766666666666666,34.71825160438893,15.0
25.783333333333335,34.718126748264766,15.0
25.8,35.543678283691406,15.0
25.816666666666666,35.2545051574707,15.0
25.833333333333332,35.25441895532072,15.0
25.85,35.25433275317074,15.0
25.866666666666667,35.25424655102076,15.0
25.883333333333333,35.25416034887078,15.0
25.9,35.254074146720804,15.0
25.916666666666668,35.253987944570824,15.0
25.933333333333334,35.253901742420844,15.0
25.95,35.253815540270864,15.0
25.966666666666665,35.253729338120884,15.0
25.983333333333334,35.253643135970904,15.0
26.0,35.253556933820924,15.0
26.016666666666666,35.253470731670944,15.0
26.033333333333335,35.253384529520964,15.0
26.05,35.253298327370985,15.0
26.066666666666666,35.253212125221005,15.0
26.083333333333332,35.253125923071025,15.0
26.1,35.253039720921045,15.0
26.116666666666667,35.252953518771065,15.0
26.133333333333333,35.252867316621085,15.0
26.15,35.252781114471105,15.0
26.166666666666668,35.252694912321125,15.0
26.183333333333334,35.252608710171145,15.0
26.2,35.252522508021165,15.0
26.216666666666665,35.252436305871186,15.0
26.233333333333334,35.159122467041016,15.0
26.25,35.159152274166466,15.0
26.266666666666666,35.15918208129192,15.0
26.283333333333335,35.15921188841737,15.0
26.3,35.15924169554282,15.0
26.316666666666666,35.15927150266827,15.0
26.333333333333332,35.15930130979372,15.0
26.35,35.15933111691917,15.0
26.366666666666667,35.15936092404462,15.0
26.383333333333333,35.15939073117007,15.0
26.4,35.15942053829552,15.0
26.416666666666668,35.15945034542097,15.0
26.433333333333334,35.15948015254642,15.0
26.45,35.15950995967187,15.0
26.466666666666665,35.15953976679732,15.0
26.483333333333334,35.159569573922774,15.0
26.5,35.159599381048224,15.0
26.516666666666666,35.159629188173675,15.0
26.533333333333335,35.159658995299125,15.0
26.55,35.159688802424576,15.0
26.566666666666666,35.159718609550026,15.0
26.583333333333332,35.15974841667548,15.0
26.6,35.15977822380093,15.0
26.616666666666667,35.15980803092638,15.0
26.633333333333333,35.15983783805183,15.0
26.65,35.15986764517728,15.0
26.666666666666668,35.15989745230273,15.0
26.683333333333334,35.15992725942818,15.0
26.7,35.15995706655363,15.0
26.716666666666665,35.13874053955078,15.0
26.733333333333334,35.1388863417143,15.0
26.75,35.13903214387781,15.0
26.766666666666666,35.13917794604133,15.0
26.783333333333335,35.139323748204845,15.0
26.8,35.13946955036836,15.0
26.816666666666666,35.13961535253188,15.0
26.833333333333332,35.13976115469539,15.0
26.85,35.13990695685891,15.0
26.866666666666667,35.140052759022424,15.0
26.883333333333333,35.14019856118594,15.0
26.9,35.140344363349456,15.0
26.916666666666668,35.14049016551297,15.0
26.933333333333334,35.14063596767649,15.0
26.95,35.140781769840004,15.0
26.966666666666665,35.14092757200352,15.0
26.983333333333334,35.141073374167036,15.0
27.0,35.14121917633055,15.0
27.016666666666666,35.14136497849407,15.0
27.033333333333335,35.14151078065758,15.0
27.05,35.1416565828211,15.0
27.066666666666666,35.141802384984615,15.0
27.083333333333332,35.14194818714813,15.0
27.1,35.14209398931165,15.0
27.116666666666667,35.14223979147516,15.0
27.133333333333333,35.14238559363868,15.0
27.15,35.142531395802195,15.0
27.166666666666668,35.14267719796571,15.0
27.183333333333334,35.142823000129226,15.0
27.2,35.14296880229274,15.0
27.216666666666665,35.14311460445626,15.0
27.233333333333334,35.143260406619774,15.0
27.25,35.14340620878329,15.0
27.266666666666666,35.143552010946806,15.0
27.283333333333335,35.98368835449219,15.0
27.3,35.98387283510156,15.0
27.316666666666666,35.98405731571093,15.0
27.333333333333332,35.9842417963203,15.0
27.35,35.98442627692967,15.0
27.366666666666667,35.98461075753904,15.0
27.383333333333333,35.98479523814841,15.0
27.4,35.98497971875778,15.0
27.416666666666668,35.98516419936715,15.0
27.433333333333334,35.98534867997652,15.0
27.45,35.98553316058589,15.0
27.466666666666665,35.98571764119526,15.0
27.483333333333334,35.98590212180463,15.0
27.5,35.986086602414,15.0
27.516666666666666,35.98627108302337,15.0
27.533333333333335,35.98645556363274,15.0
27.55,35.98664004424211,15.0
27.566666666666666,35.98682452485148,15.0
27.583333333333332,35.98700900546085,15.0
27.6,35.98719348607022,15.0
27.616666666666667,35.98737796667959,15.0
27.633333333333333,35.98756244728896,15.0
27.65,35.98774692789833,15.0
27.666666666666668,35.9879314085077,15.0
27.683333333333334,35.61206817626953,15.0
27.7,35.612252647305375,15.0
27.716666666666665,35.61243711834122,15.0
27.733333333333334,36.110225677490234,15.0
27.75,36.11041015846841,15.0
27.766666666666666,36.98707580566406,15.0
27.783333333333335,36.987260237391574,15.0
27.8,36.97957229614258,15.0
27.816666666666666,36.979756753379014,15.0
27.833333333333332,36.97994121061545,15.0
27.85,36.98012566785189,15.0
27.866666666666667,36.98031012508832,15.0
27.883333333333333,36.98049458232476,15.0
27.9,36.980679039561196,15.0
27.916666666666668,36.98086349679763,15.0
27.933333333333334,36.98104795403407,15.0
27.95,36.981232411270504,15.0
27.966666666666665,36.98141686850694,15.0
27.983333333333334,36.98160132574338,15.0
28.0,36.98178578297981,15.0
28.016666666666666,36.98197024021625,15.0
28.033333333333335,36.982154697452685,15.0
28.05,36.98233915468912,15.0
28.066666666666666,36.98252361192556,15.0
28.083333333333332,36.982708069161994,15.0
28.1,36.98289252639843,15.0
28.116666666666667,36.98307698363487,15.0
28.133333333333333,36.9832614408713,15.0
28.15,36.98344589810774,15.0
28.166666666666668,36.983630355344175,15.0
28.183333333333334,36.98381481258061,15.0
28.2,36.98399926981705,15.0
28.216666666666665,36.984183727053484,15.0
28.233333333333334,36.98436818428992,15.0
28.25,36.984552641526356,15.0
28.266666666666666,36.98473709876279,15.0
28.283333333333335,34.70783996582031,15.0
28.3,34.708024466637056,15.0
28.316666666666666,34.7082089674538,15.0
28.333333333333332,34.70839346827054,15.0
28.35,34.70857796908729,15.0
28.366666666666667,34.70876246990403,15.0
28.383333333333333,35.52128601074219,15.0
28.4,35.52042613873817,15.0
28.416666666666668,35.51956626673416,15.0
28.433333333333334,35.518706394730145,15.0
28.45,35.51784652272613,15.0
28.466666666666665,35.51698665072212,15.0
28.483333333333334,35.39484786987305,15.0
28.5,35.39286668200046,15.0
28.516666666666666,35.39088549412787,15.0
28.533333333333335,35.388904306255284,15.0
28.55,35.3869231183827,15.0
28.566666666666666,35.38494193051011,15.0
28.583333333333332,35.38296074263752,15.0
28.6,35.380979554764934,15.0
28.616666666666667,35.37899836689235,15.0
28.633333333333333,35.37701717901976,15.0
28.65,35.37503599114717,15.0
28.666666666666668,35.16884994506836,15.0
28.683333333333334,35.16671462059021,15.0
28.7,35.164579296112066,15.0
28.716666666666665,35.16244397163392,15.0
28.733333333333334,35.16030864715577,15.0
28.75,35.15817332267763,15.0
28.766666666666666,35.00981140136719,15.0
28.783333333333335,35.00783049489185,15.0
28.8,35.00584958841651,15.0
28.816666666666666,35.00386868194117,15.0
28.833333333333332,35.00188777546583,15.0
28.85,34.99990686899049,15.0
28.866666666666667,34.997925962515154,15.0
28.883333333333333,34.995945056039815,15.0
28.9,34.993964149564476,15.0
28.916666666666668,34.99198324308914,15.0
28.933333333333334,34.9900023366138,15.0
28.95,34.98802143013846,15.0
28.966666666666665,34.98604052366312,15.0
28.983333333333334,34.98405961718778,15.0
29.0,34.98207871071244,15.0
29.016666666666666,34.980097804237104,15.0
29.033333333333335,34.978116897761765,15.0
29.05,34.97613599128643,15.0
29.066666666666666,34.97415508481109,15.0
29.083333333333332,34.97217417833575,15.0
29.1,34.97019327186041,15.0
29.116666666666667,34.96821236538507,15.0
29.133333333333333,35.835819244384766,15.0
29.15,35.83476640289277,15.0
29.166666666666668,35.83371356140077,15.0
29.183333333333334,35.83266071990877,15.0
29.2,35.831607878416776,15.0
29.216666666666665,35.83055503692478,15.0
29.233333333333334,35.82950219543278,15.0
29.25,35.82844935394078,15.0
29.266666666666666,35.827396512448786,15.0
29.283333333333335,35.82634367095679,15.0
29.3,35.82529082946479,15.0
29.316666666666666,35.82423798797279,15.0
29.333333333333332,35.823185146480796,15.0
29.35,35.8221323049888,15.0
29.366666666666667,35.16849136352539,15.0
29.383333333333333,35.16794122150726,15.0
29.4,35.167391079489136,15.0
29.416666666666668,35.16684093747101,15.0
29.433333333333334,35.16629079545288,15.0
29.45,35.16574065343475,15.0
29.466666666666665,35.165190511416625,15.0
29.483333333333334,35.1646403693985,15.0
29.5,35.16409022738037,15.0
29.516666666666666,35.16354008536224,15.0
29.533333333333335,35.162989943344115,15.0
29.55,35.16243980132599,15.0
29.566666666666666,35.16188965930786,15.0
29.583333333333332,35.16133951728973,15.0
29.6,35.160789375271605,15.0
29.616666666666667,35.16023923325348,15.0
29.633333333333333,35.15968909123535,15.0
29.65,35.15913894921722,15.0
29.666666666666668,35.158588807199095,15.0
29.683333333333334,35.15803866518097,15.0
29.7,35.15748852316284,15.0
29.716666666666665,35.15693838114471,15.0
29.733333333333334,35.156388239126585,15.0
29.75,35.15583809710846,15.0
29.766666666666666,35.15528795509033,15.0
29.783333333333335,35.1547378130722,15.0
29.8,35.154187671054075,15.0
29.816666666666666,35.66401672363281,15.0
29.833333333333332,35.66404653138062,15.0
29.85,35.66407633912843,15.0
29.866666666666667,35.664106146876236,15.0
29.883333333333333,35.664135954624044,15.0
29.9,35.66416576237185,15.0
29.916666666666668,35.66419557011966,15.0
29.933333333333334,35.66422537786747,15.0
29.95,35.664255185615275,15.0
29.966666666666665,35.66428499336308,15.0
29.983333333333334,35.66431480111089,15.0
30.0,35.6643446088587,15.0
30.016666666666666,35.664374416606506,15.0
30.033333333333335,35.664404224354314,15.0
30.05,35.66443403210212,15.0
30.066666666666666,35.66446383984993,15.0
30.083333333333332,37.04387283325195,15.0
30.1,37.04421192361135,15.0
30.116666666666667,37.04455101397075,15.0
30.133333333333333,37.04489010433014,15.0
30.15,37.04522919468954,15.0
30.166666666666668,37.04556828504894,15.0
30.183333333333334,37.04590737540833,15.0
30.2,36.03815460205078,15.0
30.216666666666665,36.03857108879462,15.0
30.233333333333334,36.03898757553846,15.0
30.25,36.039404062282294,15.0
30.266666666666666,36.03982054902613,15.0
30.283333333333335,36.04023703576997,15.0
30.3,36.04065352251381,15.0
30.316666666666666,36.041070009257645,15.0
30.333333333333332,36.04148649600148,15.0
30.35,36.04190298274532,15.0
30.366666666666667,36.04231946948916,15.0
30.383333333333333,36.042735956232995,15.0
30.4,36.04315244297683,15.0
30.416666666666668,36.04356892972067,15.0
30.433333333333334,36.04398541646451,15.0
30.45,36.044401903208346,15.0
30.466666666666665,36.044818389952184,15.0
30.483333333333334,36.04523487669602,15.0
30.5,36.04565136343986,15.0
30.516666666666666,36.0460678501837,15.0
30.533333333333335,36.046484336927534,15.0
30.55,36.04690082367137,15.0
30.566666666666666,36.04731731041521,15.0
30.583333333333332,36.04773379715905,15.0
30.6,36.048150283902885,15.0
30.616666666666667,36.04856677064672,15.0
30.633333333333333,36.04898325739056,15.0
30.65,36.0493997441344,15.0
30.666666666666668,36.049816230878236,15.0
30.683333333333334,36.05023271762207,15.0
30.7,36.05064920436591,15.0
30.716666666666665,36.05106569110975,15.0
30.733333333333334,36.051482177853586,15.0
30.75,35.91810607910156,15.0
