Time,Velocity
0.0,0.16333334147930145
0.016666666666666666,0.3266666829586029
0.03333333333333333,0.49000003933906555
0.05,0.6533333659172058
0.06666666666666667,0.8166666030883789
0.08333333333333333,0.9799998998641968
0.1,1.1433331966400146
0.11666666666666667,1.3066664934158325
0.13333333333333333,1.46999990940094
0.15,1.633333444595337
0.16666666666666666,1.7966668605804443
0.18333333333333332,1.9600002765655518
0.2,2.123333692550659
0.21666666666666667,2.2866671085357666
0.23333333333333334,2.450000524520874
0.25,2.6133339405059814
0.26666666666666666,2.7766671180725098
0.2833333333333333,2.940000295639038
0.3,3.1033334732055664
0.31666666666666665,3.2666664123535156
0.3333333333333333,3.429999589920044
0.35,3.5933327674865723
0.36666666666666664,3.7566659450531006
0.38333333333333336,3.91999888420105
0.4,4.083332061767578
0.4166666666666667,4.2466654777526855
0.43333333333333335,4.409998416900635
0.45,4.573331356048584
0.4666666666666667,4.736664772033691
0.48333333333333334,4.899997711181641
0.5,5.06333065032959
0.5166666666666667,5.2266645431518555
0.5333333333333333,5.389997959136963
0.55,5.5533318519592285
0.5666666666666667,5.716665744781494
0.5833333333333334,5.879999160766602
0.6,6.043333053588867
0.6166666666666667,6.206666946411133
0.6333333333333333,6.37000036239624
0.65,6.533334255218506
0.6666666666666666,6.6966681480407715
0.6833333333333333,6.860001564025879
0.7,7.0233354568481445
0.7166666666666667,7.18666934967041
0.7333333333333333,7.350002765655518
0.75,7.513336658477783
0.7666666666666667,6.21190071105957
0.7833333333333333,4.675445079803467
0.8,0.2489095835434454
0.8166666666666667,0.258342132228285
0.8333333333333334,0.2718462321185176
0.85,0.2774684209753667
0.8666666666666667,0.27631731162982054
0.8833333333333333,0.2699348563879963
0.9,0.25972260127486496
0.9166666666666666,0.2468748107291243
0.9333333333333333,0.23233504302871963
0.95,0.21685279963362936
0.9666666666666667,0.20099867912353342
0.9833333333333333,0.18519861478892483
1.0,0.16976517912149316
1.0166666666666666,0.1549266204671484
1.0333333333333334,0.1408315589933989
1.05,0.12757277199217523
1.0666666666666667,0.11520475187506173
1.0833333333333333,0.10374417261139303
1.1,0.09318977736869678
1.1166666666666667,0.083520070868769
1.1333333333333333,0.07469429858499409
1.15,0.06667860209770628
1.1666666666666667,0.059417463996978205
1.1833333333333333,0.05286158022971569
1.2,0.046959969053485685
1.2166666666666666,0.04165778588953865
1.2333333333333334,0.03690808813173486
1.25,0.032661149006965484
1.2666666666666666,0.028870389862759947
1.2833333333333334,0.025492505508004276
1.3,0.022488162949423178
1.3166666666666667,0.019821645692851556
1.3333333333333333,0.017452790132388662
1.35,0.01535596351430366
1.3666666666666667,0.013499812407776242
1.3833333333333333,0.011859504037718516
1.4,0.010411140658723325
1.4166666666666667,0.009133779142256692
1.4333333333333333,0.008009272622895162
1.45,0.00701831830076816
1.4666666666666666,0.006146159008457493
1.4833333333333334,0.005380796158066476
1.5,0.004707566630218501
1.5166666666666666,0.004116892180329405
1.5333333333333334,0.0035980030540798975
1.55,0.0031446625692877982
1.5666666666666667,0.0027462366241673294
1.5833333333333333,0.0023978139575635596
1.6,0.002093193723539909
1.6166666666666667,0.0018256342921305195
1.6333333333333333,0.0015927070444679882
1.65,0.0013888769213345556
1.6666666666666667,0.001210863375206778
1.6833333333333333,0.0010550560959699932
1.7,0.0009197617557923691
1.7166666666666666,0.0008009635974828989
1.7333333333333334,0.0006965257377090527
1.75,0.0006069349925876786
1.7666666666666666,0.0
1.7833333333333334,0.00012362135649955533
1.8,0.00016570874634803967
1.8166666666666667,0.00019322135787425035
1.8333333333333333,0.00021012913977639243
1.85,0.000216413663139792
1.8666666666666667,0.0002177769205043662
1.8833333333333333,0.00021361861057890845
1.9,0.00020698073374903397
1.9166666666666667,0.00019658548061178395
1.9333333333333333,0.00018565585567489358
1.95,0.00017411607984564617
1.9666666666666666,0.0001611267687443209
1.9833333333333334,0.00014872858364302046
2.0,0.00013696939768154302
2.0166666666666666,0.00012460975292668698
2.033333333333333,0.00011403315949423176
2.05,0.00010254108476670819
2.066666666666667,9.42820431214439e-05
2.0833333333333335,8.460223492535357e-05
2.1,7.506537985292273e-05
2.1166666666666667,6.80079018993806e-05
2.1333333333333333,6.0406910646142306e-05
2.15,5.517130239394086e-05
2.1666666666666665,4.911531695927813e-05
2.183333333333333,0.0
2.2,1.1179276148769586e-05
2.216666666666667,1.6394317546744568e-05
2.2333333333333334,1.8740566592361618e-05
2.25,1.9932485064133288e-05
2.2666666666666666,2.010426631736616e-05
2.283333333333333,2.000893311768684e-05
2.3,2.0189842815242407e-05
2.316666666666667,2.0571383878464288e-05
2.3333333333333335,2.0065702455864732e-05
2.35,1.879734048968011e-05
2.3666666666666667,1.7080777289152408e-05
2.3833333333333333,1.5392813309975093e-05
2.4,1.5049374527095087e-05
2.4166666666666665,1.4372177082851448e-05
2.433333333333333,1.2140524709381041e-05
2.45,1.1244141930836417e-05
2.466666666666667,1.0347827277375924e-05
2.4833333333333334,1.0013748198361759e-05
2.5,7.953903613392643e-06
2.5166666666666666,0.23216403081253778
2.533333333333333,0.6817078570273022
2.55,1.117117240663576
2.566666666666667,1.5384226889012016
2.5833333333333335,1.9100809478287848
2.6,2.2534947938755274
2.6166666666666667,2.5046413596664467
2.6333333333333333,2.6459363367812005
2.65,2.8293642578070064
2.6666666666666665,2.952359980347428
2.683333333333333,3.0651038043040124
2.7,3.172364630885262
2.716666666666667,3.2534693164132085
2.7333333333333334,3.2670666762950327
2.75,3.4273423133517165
2.7666666666666666,3.463242548032705
2.783333333333333,3.478670501358314
2.8,3.6507997829193646
2.816666666666667,3.6689096083694026
2.8333333333333335,3.7405439023948293
2.85,3.767277011961567
2.8666666666666667,3.9528129688146616
2.8833333333333333,3.9603585356299886
2.9,4.090456771190501
2.9166666666666665,4.113823676786224
2.933333333333333,4.203514770870695
2.95,4.223005403480555
2.966666666666667,4.409953981005796
2.9833333333333334,4.423232883417553
3.0,4.521946763369137
3.0166666666666666,4.5712443485207785
3.033333333333333,4.600402365459902
3.05,4.789378569238475
3.066666666666667,4.81311842266622
3.0833333333333335,4.886473358218835
3.1,4.936400196651191
3.1166666666666667,5.007551131932315
3.1333333333333333,5.057146626718698
3.15,5.163566148561892
3.1666666666666665,5.2350225738953915
3.183333333333333,5.288781310597256
3.2,5.415664769343998
3.216666666666667,5.483066072299562
3.2333333333333334,5.5485143177433365
3.25,5.61036942952863
3.2666666666666666,5.724307653663886
3.283333333333333,5.798285362781858
3.3,5.8658975256892125
3.316666666666667,5.933988872977747
3.3333333333333335,6.021858665311031
3.35,6.106765119040771
3.3666666666666667,6.179963208821261
3.3833333333333333,6.253660642202923
3.4,6.332013659964118
3.4166666666666665,6.412952927218251
3.433333333333333,6.4907169996321805
3.45,6.5663571206106806
3.466666666666667,6.642115317696245
3.4833333333333334,6.718146002703944
3.5,6.793794873138646
3.5166666666666666,6.868673209331305
3.533333333333333,6.94323792409675
3.55,7.01762244399885
3.566666666666667,7.091759694684776
3.5833333333333335,7.165566955357154
3.6,7.239015873055916
3.6166666666666667,7.312171261297677
3.6333333333333333,7.385176477768221
3.65,7.4581812395805205
3.6666666666666665,7.531324446736887
3.683333333333333,7.604710450336357
3.7,7.678421309718571
3.716666666666667,7.752495137516489
3.7333333333333334,7.826942482830497
3.75,7.901748434811088
3.7666666666666666,7.976874657901551
3.783333333333333,8.052270074355809
3.8,8.127874964503896
3.816666666666667,8.203630620518764
3.8333333333333335,8.27948057266412
3.85,8.355378170459995
3.8666666666666667,8.431287237143279
3.8833333333333333,8.507190555384078
3.9,8.583092002663918
3.9166666666666665,8.65902870138731
3.933333333333333,8.734803299122047
3.95,8.809951309776332
3.966666666666667,8.884230515428209
3.9833333333333334,8.957436833296896
4.0,9.029246968035071
4.016666666666667,9.0997049302122
4.033333333333333,9.087161207643215
4.05,9.075900176123861
4.066666666666666,9.070419392016005
4.083333333333333,9.068193491768772
4.1,9.06674485653991
4.116666666666666,9.065438316896397
4.133333333333334,9.064164206829421
4.15,9.062901534278648
4.166666666666667,9.061643624014176
4.183333333333334,9.060391448569995
4.2,9.059141153773876
4.216666666666667,9.057892888054754
4.233333333333333,9.056645494714749
4.25,9.05539998020941
4.266666666666667,9.054154487788518
4.283333333333333,9.052909949224565
4.3,9.051665380582106
4.316666666666666,9.050421790528683
4.333333333333333,9.049177235843985
4.35,9.047932672875227
4.366666666666666,9.046688126336809
4.383333333333334,9.045443572479009
4.4,9.044199009230168
4.416666666666667,9.04295446087661
4.433333333333334,9.041710867138807
4.45,9.040467349206226
4.466666666666667,9.039222813211396
4.483333333333333,9.037980172475597
4.5,9.036736565959686
4.516666666666667,9.035493931782858
4.533333333333333,9.074952411354147
4.55,9.149151518612825
4.566666666666666,9.23007788987675
4.583333333333333,9.315990093934085
4.6,9.404553496004302
4.616666666666666,9.494483549556895
4.633333333333334,9.584695961699747
4.65,9.674281726022702
4.666666666666667,9.762636291431242
4.683333333333334,9.849375338560094
4.7,9.934277600186089
4.716666666666667,10.017237203057825
4.733333333333333,10.098229356009051
4.75,10.177281728522159
4.766666666666667,10.25445727147394
4.783333333333333,10.32983989891314
4.8,10.403527889140916
4.816666666666666,10.475624131709838
4.833333333333333,10.546234557460073
4.85,10.615459266072781
4.866666666666666,10.683395571375089
4.883333333333334,10.75013499438265
4.9,10.815762421708076
4.916666666666667,10.880351304225519
4.933333333333334,10.943972205387462
4.95,11.006689054485387
4.966666666666667,11.068553285542242
4.983333333333333,11.129611646796661
5.0,11.189905165669842
5.016666666666667,11.249468168325235
5.033333333333333,11.30833400630601
5.05,11.366524657384394
5.066666666666666,11.424062040892327
5.083333333333333,11.48096426978421
5.1,11.53724470311953
5.116666666666666,11.592914810607239
5.133333333333334,11.647985022956513
5.15,11.702460144595173
5.166666666666667,11.756348734104602
5.183333333333334,11.809654640098302
5.2,11.862380709632705
5.216666666666667,11.914530779210455
5.233333333333333,11.966105736052105
5.25,12.017109459192678
5.266666666666667,12.067541952347227
5.283333333333333,12.11740412535262
5.3,12.166697897192366
5.316666666666666,12.215422316396756
5.333333333333333,12.263580262304552
5.35,12.31117076929856
5.366666666666666,12.35819765211628
5.383333333333334,12.404661862792256
5.4,12.450562466615379
5.416666666666667,12.495903244554341
5.433333333333334,12.540684192796872
5.45,12.584906301908582
5.466666666666667,12.628575276990494
5.483333333333333,12.67169016636876
5.5,12.714252876973505
5.516666666666667,12.756267220933477
5.533333333333333,12.797736059905793
5.55,12.838663223188671
5.566666666666666,12.879047728749228
5.583333333333333,12.918895313596844
5.6,12.958208844727931
5.616666666666666,12.996991164715995
5.633333333333334,13.035247045635925
5.65,13.072978415749617
5.666666666666667,13.110187169709597
5.683333333333334,13.146879980832333
5.7,13.183058770706916
5.716666666666667,13.218728286779411
5.733333333333333,13.253890443940463
5.75,13.28855192049717
5.766666666666667,13.322712713623407
5.783333333333333,13.35638045411719
5.8,13.38955800409281
5.816666666666666,13.422247272753454
5.833333333333333,13.454456846731881
5.85,13.486188623948955
5.866666666666666,13.517445468696275
5.883333333333334,13.54823402168019
5.9,13.578557208729723
5.916666666666667,13.608417860902582
5.933333333333334,13.63782360797443
5.95,13.666776357584466
5.966666666666667,13.695280887906192
5.983333333333333,13.723342902457318
6.0,13.750966224815544
6.016666666666667,13.778152761742257
6.033333333333333,13.805004557132351
6.05,13.800530849127785
6.066666666666666,13.79707376404816
6.083333333333333,13.794139293907367
6.1,13.79150714111082
6.116666666666666,13.789058097556092
6.133333333333334,13.786727307400108
6.15,13.784470902406497
6.166666666666667,13.782265996832525
6.183333333333334,13.780096375460458
6.2,13.777948689109017
6.216666666666667,13.775817217662322
6.233333333333333,13.773696236566677
6.25,13.77158288897601
6.266666666666667,13.769476213425788
6.283333333333333,13.767373352011745
6.3,13.765274305034206
6.316666666666666,13.763177167681327
6.333333333333333,13.761080981254803
6.35,13.758984794286924
6.366666666666666,13.756890513803338
6.383333333333334,13.754795279133221
6.4,13.752701957480372
6.416666666666667,13.75060863407115
6.433333333333334,13.748516262839301
6.45,13.746426753746544
6.466666666666667,13.744336290647592
6.483333333333333,13.742246779918522
6.5,13.740157269574436
6.516666666666667,13.738066805549158
6.533333333333333,13.73597824667243
6.55,13.813471366752198
6.566666666666666,13.939111938373282
6.583333333333333,14.056217079948413
6.6,14.164695242240139
6.616666666666666,14.264998463362096
6.633333333333334,14.357498665489565
6.65,14.442498197852917
6.666666666666667,14.520356593060049
6.683333333333334,14.591513457458374
6.7,14.656466649773174
6.716666666666667,14.715736848281368
6.733333333333333,14.769848609901851
6.75,14.819316908089071
6.766666666666667,14.864633839003139
6.783333333333333,14.906262898710382
6.8,14.944630371077656
6.816666666666666,14.980130129460502
6.833333333333333,15.013114083224757
6.85,15.04390171256234
6.866666666666666,15.072769585961934
6.883333333333334,15.099968519832546
6.9,15.125711185541538
6.916666666666667,15.150183569391844
6.933333333333334,15.173545854693609
6.95,15.195933477883191
6.966666666666667,15.21746183570689
6.983333333333333,15.238230110317472
7.0,15.258315550748655
7.016666666666667,15.277787774501265
7.033333333333333,15.296704004491572
7.05,15.315108107619864
7.066666666666666,15.333035352876301
7.083333333333333,15.350519152238858
7.1,15.368019164052559
7.116666666666666,15.386746562627776
7.133333333333334,15.402524230512117
7.15,15.4114687875697
7.166666666666667,15.410208990598283
7.183333333333334,15.39612219511002
7.2,15.36931331852201
7.216666666666667,15.331804158392762
7.233333333333333,15.285297988465668
7.25,15.231219606066823
7.266666666666667,15.17076873646852
7.283333333333333,15.104961051453888
7.3,15.034652957523209
7.316666666666666,14.960575918831864
7.333333333333333,14.883349830270806
7.35,14.803504939598918
7.366666666666666,14.721492334748898
7.383333333333334,14.637700164810491
7.4,14.552462204148734
7.416666666666667,14.466061734929292
7.433333333333334,14.379410434114485
7.45,14.294239244807603
7.466666666666667,14.212671055417822
7.483333333333333,14.136484459711262
7.5,14.067244480905416
7.516666666666667,14.00635682699457
7.533333333333333,13.955082257030467
7.55,13.914564237122832
7.566666666666666,13.885851813389985
7.583333333333333,13.869906295141222
7.6,13.86714730074928
7.616666666666666,13.87571896645241
7.633333333333334,13.893959035987299
7.65,13.92048278234826
7.666666666666667,13.954114284153645
7.683333333333334,13.993854102526688
7.7,14.038850583839837
7.716666666666667,14.08837420748354
7.733333333333333,14.141797417168094
7.75,14.198587110660434
7.766666666666667,14.258280763408665
7.783333333333333,14.32048354217796
7.8,14.384852126101949
7.816666666666666,14.451089922559682
7.833333333333333,14.51894134366711
7.85,14.58818704434491
7.866666666666666,14.658633426948597
7.883333333333334,14.730111690681863
7.9,14.802480673696829
7.916666666666667,14.875611678106361
7.933333333333334,14.949394985088585
7.95,15.023739054504631
7.966666666666667,15.098557102709444
7.983333333333333,15.173778556415018
8.0,15.249339503144245
8.016666666666667,15.325171309488423
8.033333333333333,15.401162378587612
8.05,15.477368026995071
8.066666666666666,15.467170331288065
8.083333333333334,15.462289398124666
8.1,15.458951519342962
8.116666666666667,15.45615914874992
8.133333333333333,15.453576583619434
8.15,15.451074146386933
8.166666666666666,15.4486031666459
8.183333333333334,15.446143630925087
8.2,15.443690769397508
8.216666666666667,15.441240751742393
8.233333333333333,15.438792655878105
8.25,15.436343619977986
8.266666666666667,15.43389457400616
8.283333333333333,15.43144648013942
8.3,15.428998384262945
8.316666666666666,15.42655219740996
8.333333333333334,15.424106964900215
8.35,15.421663640860217
8.366666666666667,15.419219361863465
8.383333333333333,15.41677603636738
8.4,15.414332710113099
8.416666666666666,15.411890337119182
8.433333333333334,15.409448918384308
8.45,15.40700749800054
8.466666666666667,15.40456607681074
8.483333333333333,15.402127519889866
8.5,15.399688009311888
8.516666666666667,15.397249454112194
8.533333333333333,15.39481185090901
8.55,15.392375200893788
8.566666666666666,15.470956467390723
8.583333333333334,15.598789547690382
8.6,15.712750408247858
8.616666666666667,15.814286735355818
8.633333333333333,15.904891036707115
8.65,15.985540831426384
8.666666666666666,16.055303409081485
8.683333333333334,16.11326423582879
8.7,16.160181443042088
8.716666666666667,16.19752370853369
8.733333333333333,16.22688367944108
8.75,16.250901137721858
8.766666666666667,16.2718343979826
8.783333333333333,16.291430599086464
8.8,16.310141786028893
8.816666666666666,16.327668503483864
8.833333333333334,16.342229278386547
8.85,16.353543732059272
8.866666666666667,16.361970443692492
8.883333333333333,16.367793609962817
8.9,16.37156443889741
8.916666666666666,16.374940460782717
8.933333333333334,16.378919208598628
8.95,16.38337862511173
8.966666666666667,16.388196615485096
8.983333333333333,16.39326256054912
9.0,16.398471557241727
9.016666666666667,16.403732053233902
9.033333333333333,16.4089639404937
9.05,16.414090919276365
9.066666666666666,16.419046237180613
9.083333333333334,16.42377648622032
9.1,16.42823017069405
9.116666666666667,16.432365324192638
9.133333333333333,16.436141893337997
9.15,16.439535083653908
9.166666666666666,16.44251628490358
9.183333333333334,16.444673507599862
9.2,16.443910564738587
9.216666666666667,16.43844789350567
9.233333333333333,16.42779720391113
9.25,16.412799642842383
9.266666666666667,16.394454668813825
9.283333333333333,16.37449606699459
9.3,16.354470709296397
9.316666666666666,16.33567750503378
9.333333333333334,16.318953786995202
9.35,16.30396004054375
9.366666666666667,16.2903796488425
9.383333333333333,16.27793031787214
9.4,16.266367910014534
9.416666666666666,16.255476892015484
9.433333333333334,16.24506843655123
9.45,16.234982322094012
9.466666666666667,16.225081224326768
9.483333333333333,16.215246882234055
9.5,16.20538393160134
9.516666666666667,16.195404629939578
9.533333333333333,16.185242222549185
9.55,16.174835674230877
9.566666666666666,16.16413920614908
9.583333333333334,16.15311276586422
9.6,16.141725838111185
9.616666666666667,16.129949806010714
9.633333333333333,16.117769414596026
9.65,16.10516368073467
9.666666666666666,16.092123069514383
9.683333333333334,16.078636136867026
9.7,16.064697160836456
9.716666666666667,16.0502985106602
9.733333333333333,16.035438279083817
9.75,16.020114559755395
9.766666666666667,16.004325443940246
9.783333333333333,15.988072841263632
9.8,15.971352934785646
9.816666666666666,15.954168586489137
9.833333333333334,15.936523611135636
9.85,15.91841419557632
9.866666666666667,15.899846060057774
9.883333333333333,15.880821111136981
9.9,15.86134125808987
9.916666666666666,15.841408405896406
9.933333333333334,15.821023510476394
9.95,15.800190385496384
9.966666666666667,15.778913799218692
9.983333333333333,15.757192804267548
10.0,15.734605863583997
10.016666666666667,15.709971375307203
10.033333333333333,15.683553506013048
10.05,15.655660293617887
10.066666666666666,15.62654637385302
10.083333333333334,15.596425366183697
10.1,15.565729290354279
10.116666666666667,15.53501509518054
10.133333333333333,15.505400491647086
10.15,15.476963682625625
10.166666666666666,15.44945671071807
10.183333333333334,15.42267262736681
10.2,15.396438817133896
10.216666666666667,15.3706036446924
10.233333333333333,15.345039317400394
10.25,15.319636163259396
10.266666666666667,15.294304532911122
10.283333333333333,15.268965273159923
10.3,15.243551627645344
10.316666666666666,15.218012095599777
10.333333333333334,15.192302808630576
10.35,15.166387527025954
10.366666666666667,15.140234779372827
10.383333333333333,15.113820723709027
10.4,15.087129151337928
10.416666666666666,15.060141935045353
10.433333333333334,15.032849541362728
10.45,15.00524147856755
10.466666666666667,14.977312981465909
10.483333333333333,14.949055462569252
10.5,14.920468926281927
10.516666666666667,14.891550507937808
10.533333333333333,14.862297350355226
10.55,14.832711358334056
10.566666666666666,14.80279157852976
10.583333333333334,14.772538962987232
10.6,14.74195542112682
10.616666666666667,14.711044766603136
10.633333333333333,14.679827028999373
10.65,14.648330816698925
10.666666666666666,14.616593322794248
10.683333333333334,14.584587847022602
10.7,14.552466961004104
10.716666666666667,14.52024118394443
10.733333333333333,14.487936250151556
10.75,14.455576002538155
10.766666666666667,14.42318142417605
10.783333333333333,14.39077063159433
10.8,14.358357933442448
10.816666666666666,14.35917332810564
10.833333333333334,14.358408479421595
10.85,14.356949363668305
10.866666666666667,14.355145006185186
10.883333333333333,14.353158494320162
10.9,14.351071846717128
10.916666666666666,14.348931792668312
10.933333333333334,14.34676026537726
10.95,14.344571572615688
10.966666666666667,14.34237143413722
10.983333333333333,14.34016748118601
11.0,14.337960666588975
11.016666666666667,14.335750992993601
11.033333333333333,14.33354132042118
11.05,14.331330692939883
11.066666666666666,14.329120065109588
11.083333333333334,14.32691134407647
11.1,14.324703576965412
11.116666666666667,14.322494855282445
11.133333333333333,14.320287086679052
11.15,14.318079317510177
11.166666666666666,14.31587250128848
11.183333333333334,14.313665688472483
11.2,14.311458874404941
11.216666666666667,14.309252061264017
11.233333333333333,14.307046201623946
11.25,14.304841297506504
11.266666666666667,14.302636391596035
11.283333333333333,14.300432438921614
11.3,14.298227531037561
11.316666666666666,14.157534085212951
11.333333333333334,13.928273398071662
11.35,13.711012856637517
11.366666666666667,13.508074670568684
11.383333333333333,13.319576148378534
11.4,13.145053776478543
11.416666666666666,12.983768487495283
11.433333333333334,12.834785661502561
11.45,12.697015245853871
11.466666666666667,12.569294698909367
11.483333333333333,12.450449093651642
11.5,12.338423247741282
11.516666666666667,12.23135462691738
11.533333333333333,12.128450723715046
11.55,12.029233746833453
11.566666666666666,11.933264044767464
11.583333333333334,11.84015538326272
11.6,11.749570156597866
11.616666666666667,11.661939428008015
11.633333333333333,11.578370420919041
11.65,11.500307957691632
11.666666666666666,11.427562256141153
11.683333333333334,11.359259744406371
11.7,11.294648924967658
11.716666666666667,11.232746555614387
11.733333333333333,11.172517893643894
11.75,11.113864710259625
11.766666666666667,11.057000630065408
11.783333333333333,11.002102079662864
11.8,10.949607757345493
11.816666666666666,10.90019858796909
11.833333333333334,10.853621843202365
11.85,10.809373969807629
11.866666666666667,10.767032529185283
11.883333333333333,10.72623889741792
11.9,10.68669267739881
11.916666666666666,10.648142100589896
11.933333333333334,10.610376401422382
11.95,10.573218195774155
11.966666666666667,10.536527293975306
11.983333333333333,10.500187343372298
12.0,10.464105840674543
12.016666666666667,10.428209353126112
12.033333333333333,10.392439702180077
12.05,10.356748254189903
12.066666666666666,10.321107332096757
12.083333333333334,10.285493149768579
12.1,10.249897069831459
12.116666666666667,10.214323865179995
12.133333333333333,10.178798358037598
12.15,10.143378686417392
12.166666666666666,10.108185998750367
12.183333333333334,10.073377637259032
12.2,10.03903561541985
12.216666666666667,10.005126555534975
12.233333333333333,9.971443603424953
12.25,9.937538471771926
12.266666666666667,9.903088802880657
12.283333333333333,9.868085008735846
12.3,9.832705440194974
12.316666666666666,9.79712174504206
12.333333333333334,9.761408351343816
12.35,9.725597667379049
12.366666666666667,9.689576237731748
12.383333333333333,9.653174277036426
12.4,9.616847669273042
12.416666666666666,9.58122390658029
12.433333333333334,9.546837091190088
12.45,9.514249849086005
12.466666666666667,9.484053500720512
12.483333333333333,9.45615266379021
12.5,9.430220207719964
12.516666666666667,9.405975756162766
12.533333333333333,9.383179014732953
12.55,9.361614419976915
12.566666666666666,9.341099826206287
12.583333333333334,9.321475014558832
12.6,9.302599793024255
12.616666666666667,9.28440836143809
12.633333333333333,9.2669636609361
12.65,9.250320049708169
12.666666666666666,9.234525214133274
12.683333333333334,9.21962492902217
12.7,9.205606795897411
12.716666666666667,9.192345885934197
12.733333333333333,9.179749689879428
12.75,9.167771478621203
12.766666666666667,9.156369292693931
12.783333333333333,9.145515468972407
12.8,9.135191890428418
12.816666666666666,9.125374716652074
12.833333333333334,9.116011492707058
12.85,9.107062167940601
12.866666666666667,9.098502895348489
12.883333333333333,9.090302205936391
12.9,9.082431490977774
12.916666666666666,9.074870720660826
12.933333333333334,9.067410088025277
12.95,9.059614712830296
12.966666666666667,9.05153514124757
12.983333333333333,9.043240992185881
13.0,9.034795209933641
13.016666666666667,9.026442886627047
13.033333333333333,9.01864751220204
13.05,9.011383337117435
13.066666666666666,9.004606492396949
13.083333333333334,8.998278829600096
13.1,8.992354573483151
13.116666666666667,8.986793667966566
13.133333333333333,8.981560831537834
13.15,8.976625540858286
13.166666666666666,8.971959188290137
13.183333333333334,8.967536975247832
13.2,8.963339832652418
13.216666666666667,8.959346784417102
13.233333333333333,8.955543512560313
13.25,8.951916671781936
13.266666666666667,8.948454815949663
13.283333333333333,8.945148408894118
13.3,8.94200126555685
13.316666666666666,8.939044860004863
13.333333333333334,8.936306847980992
13.35,8.933812024226143
13.366666666666667,8.931579460123734
13.383333333333333,8.929617742109373
13.4,8.927904934013249
13.416666666666666,8.926420053262143
13.433333333333334,8.925149751440216
13.45,8.924081632290283
13.466666666666667,8.923209966821819
13.483333333333333,8.922531899322502
13.5,8.922043612286933
13.516666666666667,8.92174415603456
13.533333333333333,8.921628763024879
13.55,8.921690753102379
13.566666666666666,8.921921544759138
13.583333333333334,8.922313508261274
13.6,8.922862827746124
13.616666666666667,8.923560919666329
13.633333333333333,8.924405876292113
13.65,8.925391025193006
13.666666666666666,8.926514461767702
13.683333333333334,8.927771408831436
13.7,8.929160918340223
13.716666666666667,8.930679174924737
13.733333333333333,8.93232426959803
13.75,8.934095251319658
13.766666666666667,8.935989256915805
13.783333333333333,8.938006288660594
13.8,8.940144437957905
13.816666666666666,8.942394167031596
13.833333333333334,8.944750710049329
13.85,8.947209297353233
13.866666666666667,8.949764202192497
13.883333333333333,8.952412567710322
13.9,8.955159169863311
13.916666666666666,8.958003995248122
13.933333333333334,8.960950864473833
13.95,8.964002638662583
13.966666666666667,8.967159318031204
13.983333333333333,8.970422810110867
14.0,8.973788343781276
14.016666666666667,8.9772473367885
14.033333333333333,8.980786440709636
14.05,8.984395162215977
14.066666666666666,8.98806301390482
14.083333333333334,8.991783317323202
14.1,8.995563699804482
14.116666666666667,8.999407983768785
14.133333333333333,9.003323790262536
14.15,9.00731493801197
14.166666666666666,9.011386195742912
14.183333333333334,9.015544238858055
14.2,9.019790971880232
14.216666666666667,9.02413116476847
14.233333333333333,9.028564818612075
14.25,9.033096703369909
14.266666666666667,9.037727770413037
14.283333333333333,9.042459925064811
14.3,9.047294124291339
14.316666666666666,9.05223227506458
14.333333333333334,9.0572743819626
14.35,9.062421389600482
14.366666666666667,9.067673301305096
14.383333333333333,9.073032024439193
14.4,9.0784956527832
14.416666666666666,9.0840660955589
14.433333333333334,9.089744299661222
14.45,9.095527410212771
14.466666666666667,9.101418287704176
14.483333333333333,9.107415022979795
14.5,9.113518569853424
14.516666666666667,9.119710808378953
14.533333333333333,9.125936426606984
14.55,9.132145839994521
14.566666666666666,9.138298978895214
14.583333333333334,9.144360563956756
14.6,9.150315339014808
14.616666666666667,9.156190001967527
14.633333333333333,9.162008398453052
14.65,9.167791509437833
14.666666666666666,9.173556501613426
14.683333333333334,9.17931958293677
14.7,9.185093156861077
14.716666666666667,9.190890572416652
14.733333333333333,9.196721369040397
14.75,9.202593170630092
14.766666666666667,9.208513614446154
14.783333333333333,9.21448936928505
14.8,9.220524253109131
14.816666666666666,9.22660872522416
14.833333333333334,9.232700827488188
14.85,9.238767182629129
14.866666666666667,9.244779177907757
14.883333333333333,9.250708201180089
14.9,9.256542810971107
14.916666666666666,9.26229445036815
14.933333333333334,9.267972657237975
14.95,9.273585058095497
14.966666666666667,9.279140238942956
14.983333333333333,9.284647741882623
15.0,9.290126629706165
15.016666666666667,9.295591210444043
15.033333333333333,9.30104720959577
15.05,9.306489858375404
15.066666666666666,9.311913432992105
15.083333333333334,9.317309349074083
15.1,9.322674749415805
15.116666666666667,9.328011538949232
15.133333333333333,9.333333070669692
15.15,9.338652691477634
15.166666666666666,9.343979943595711
15.183333333333334,9.349323414981667
15.2,9.354690723167511
15.216666666666667,9.360088546828713
15.233333333333333,9.365522610893688
15.25,9.370995776592917
15.266666666666667,9.376513765966573
15.283333333333333,9.382077530054625
15.3,9.387678486952147
15.316666666666666,9.393283259543905
15.333333333333334,9.39886323881459
15.35,9.404390762017666
15.366666666666667,9.40984771367147
15.383333333333333,9.415223602155784
15.4,9.420540367984366
15.416666666666666,9.425813261359123
15.433333333333334,9.431057542301067
15.45,9.4362837053366
15.466666666666667,9.441503192199395
15.483333333333333,9.446726493234117
15.5,9.45195933024027
15.516666666666667,9.45720933275307
15.533333333333333,9.462484133213815
15.55,9.467785637962315
15.566666666666666,9.473119563948774
15.583333333333334,9.478488776729648
15.6,9.48389518887207
15.616666666666667,9.489341652154666
15.633333333333333,9.494831027838067
15.65,9.5003633206875
15.666666666666666,9.505939483902962
15.683333333333334,9.511560469421061
15.7,9.517227232469375
15.716666666666667,9.522939770262232
15.733333333333333,9.528699038995988
15.75,9.534504085440501
15.766666666666667,9.54035586169473
15.783333333333333,9.546254366218513
15.8,9.552198649638227
15.816666666666666,9.558189668818185
15.833333333333334,9.564201662297872
15.85,9.570159296582995
15.866666666666667,9.576001536306277
15.883333333333333,9.581674975683839
15.9,9.587126206133817
15.916666666666666,9.59233234036834
15.933333333333334,9.597322943647098
15.95,9.602124720853647
15.966666666666667,9.606760556255592
15.983333333333333,9.611251431276314
16.0,9.615625004348395
16.016666666666666,9.619906072445126
16.033333333333335,9.624116567753077
16.05,9.628269841901822
16.066666666666666,9.632384012978157
16.083333333333332,9.636470528143041
16.1,9.640541786180941
16.116666666666667,9.644602553242404
16.133333333333333,9.648663319527643
16.15,9.652728852920033
16.166666666666668,9.656804875971263
16.183333333333334,9.66089425249921
16.2,9.664999842585202
16.216666666666665,9.669126416555597
16.233333333333334,9.673273013893791
16.25,9.677442498417635
16.266666666666666,9.681635825734
16.283333333333335,9.685853949006804
16.3,9.69009687022161
16.316666666666666,9.69436553728349
16.333333333333332,9.69866090770069
16.35,9.702981074447312
16.366666666666667,9.707327943285668
16.383333333333333,9.711700564108416
16.4,9.716097977746745
16.416666666666668,9.720523047495158
16.433333333333334,9.724971965776106
16.45,9.729446629109908
16.466666666666665,9.733947042201963
16.483333333333334,9.738472250468167
16.5,9.743022253752166
16.516666666666666,9.747598005121578
16.533333333333335,9.75219760061929
16.55,9.756821037585707
16.566666666666666,9.761469269618154
16.583333333333332,9.766142296102682
16.6,9.770840119001003
16.616666666666667,9.775560830998364
16.633333333333333,9.780305389470412
16.65,9.785074739699157
16.666666666666668,9.789866976403681
16.683333333333334,9.79468305567203
16.7,9.799523932136303
16.716666666666665,9.804386743043446
16.733333333333334,9.809273395563912
16.75,9.814183888939427
16.766666666666666,9.81911727142588
16.783333333333335,9.824073541459295
16.8,9.829052702432659
16.816666666666666,9.834018511265173
16.833333333333332,9.83886320413957
16.85,9.843498085463112
16.866666666666667,9.847846864973409
16.883333333333333,9.851841826275116
16.9,9.85546390057823
16.916666666666668,9.858770306238005
16.933333333333334,9.86180777468876
16.95,9.86461826659944
16.966666666666665,9.867238978082671
16.983333333333334,9.869699471973398
17.0,9.872030263151553
17.016666666666666,9.874253290295783
17.033333333333335,9.876389536827293
17.05,9.87845615923936
17.066666666666666,9.880466514450331
17.083333333333332,9.88243204696176
17.1,9.884364202201343
17.116666666666667,9.886268699875002
17.133333333333333,9.888154124498435
17.15,9.890025244106083
17.166666666666668,9.891885872195642
17.183333333333334,9.893739824491549
17.2,9.895589006960648
17.216666666666665,9.897435330286886
17.233333333333334,9.899280701038922
17.25,9.901126068674136
17.266666666666666,9.902972391458874
17.283333333333335,9.90481966667354
17.3,9.906668850911512
17.316666666666666,9.908520896614943
17.333333333333332,9.910373894976713
17.35,9.91223070962842
17.366666666666667,9.914089429284267
17.383333333333333,9.91594910271781
17.4,9.917810685126584
17.416666666666668,9.919674174079816
17.433333333333334,9.921538619638596
17.45,9.923405922643463
17.466666666666665,9.925275133335948
17.483333333333334,9.927144343920181
17.5,9.929015462336388
17.516666666666666,9.930887534458085
17.533333333333335,9.932759607241666
17.55,9.934632634079593
17.566666666666666,9.936506614803509
17.583333333333332,9.93838154817391
17.6,9.940257435418221
17.616666666666667,9.94213427504428
17.633333333333333,9.944011121854533
17.65,9.94587174918597
17.666666666666668,9.94766466653579
17.683333333333334,9.94934981703587
17.7,9.950891916870129
17.716666666666665,9.952259492459305
17.733333333333334,9.953443963005576
17.75,9.954471075415057
17.766666666666666,9.95536467452606
17.783333333333335,9.956142877324295
17.8,9.956821895899667
17.816666666666666,9.957418897660242
17.833333333333332,9.95794437562827
17.85,9.958408818012403
17.866666666666667,9.958815084761659
17.883333333333333,9.959165084153376
17.9,9.959459770025369
17.916666666666668,9.95970104982466
17.933333333333334,9.959893691982142
17.95,9.960044373867948
17.966666666666665,9.960158814814593
17.983333333333334,9.960242737921162
18.0,9.960299957768752
18.016666666666666,9.960332381924687
18.033333333333335,9.96034478205686
18.05,9.960339060859111
18.066666666666666,9.96031807941159
18.083333333333332,9.960281839266653
18.1,9.96023224753434
18.116666666666667,9.9601712114571
18.133333333333333,9.960097777582144
18.15,9.960012899338105
18.166666666666668,9.959916578409771
18.183333333333334,9.95980785844428
18.2,9.959687693917237
18.216666666666665,9.959553224097398
18.233333333333334,9.959406362424344
18.25,9.959246144085814
18.266666666666666,9.95907448246127
18.283333333333335,9.958892329126204
18.3,9.958697777945334
18.316666666666666,9.958493689649837
18.333333333333332,9.958277203255836
18.35,9.95805118008421
18.366666666666667,9.957815621542874
18.383333333333333,9.9575705249483
18.4,9.957318752150941
18.416666666666668,9.957059349782341
18.433333333333334,9.95679422875478
18.45,9.956522428793024
18.466666666666665,9.956244909173602
18.483333333333334,9.955960712942305
18.5,9.955669842337254
18.516666666666666,9.955371341150014
18.533333333333335,9.95506425814209
18.55,9.954750498101053
18.566666666666666,9.954428154699018
18.583333333333332,9.954098183205764
18.6,9.953758673442714
18.616666666666667,9.953411535829165
18.633333333333333,9.953055815853462
18.65,9.952691512107624
18.666666666666668,9.95208687995742
18.683333333333334,9.95082039515958
18.7,9.949005543354742
18.716666666666665,9.94672624927409
18.733333333333334,9.94405404013987
18.75,9.941283600223507
18.766666666666666,9.938888912405394
18.783333333333335,9.936807030983033
18.8,9.934997899990801
18.816666666666666,9.933426235696961
18.833333333333332,9.932060566134766
18.85,9.930870379890505
18.866666666666667,9.929830870646128
18.883333333333333,9.92891724684982
18.9,9.92810852739088
18.916666666666668,9.927387546245365
18.933333333333334,9.92673713729291
18.95,9.92614204164355
18.966666666666665,9.925592722266913
18.983333333333334,9.925077735335524
19.0,9.924588497608683
19.016666666666666,9.924119286588976
19.033333333333335,9.923663427060346
19.05,9.923217105440678
19.066666666666666,9.922774597680005
19.083333333333332,9.922334950578287
19.1,9.92189816443649
19.116666666666667,9.921474729689526
19.133333333333333,9.921074182838266
19.15,9.920704153622538
19.166666666666668,9.920371317799928
19.183333333333334,9.92007758244438
19.2,9.919816272424075
19.216666666666665,9.919580712715451
19.233333333333334,9.919369948903082
19.25,9.919182077884074
19.266666666666666,9.919012322816045
19.283333333333335,9.91886164155596
19.3,9.918726220449432
19.316666666666666,9.91860414946215
19.333333333333332,9.918490661607207
19.35,9.918382895828518
19.366666666666667,9.918277992622235
19.383333333333333,9.918174995310572
19.4,9.9180719979267
19.416666666666668,9.91796614119553
19.433333333333334,9.917857422012249
19.45,9.917745845936773
19.466666666666665,9.917630451393041
19.483333333333334,9.917510289838523
19.5,9.917387265554986
19.516666666666666,9.917259472696077
19.533333333333335,9.91712595754431
19.55,9.916988629087218
19.566666666666666,9.916845577061537
19.583333333333332,9.916698710250179
19.6,9.916547076440088
19.616666666666667,9.916389719157692
19.633333333333333,9.91622854688499
19.65,9.916061653270255
19.666666666666668,9.915890946398351
19.683333333333334,9.915715472022287
19.7,9.915535230394903
19.716666666666665,9.915224338716504
19.733333333333334,9.914550092833682
19.75,9.913575438305056
19.766666666666666,9.912346091044236
19.783333333333335,9.910903171076974
19.8,9.909404940958986
19.816666666666666,9.90811461153971
19.833333333333332,9.906995945682171
19.85,9.906029866991638
19.866666666666667,9.905199212596257
19.883333333333333,9.904489674063027
19.9,9.903887902499603
19.916666666666668,9.903381497617787
19.933333333333334,9.902939943827397
19.95,9.902519371388156
19.966666666666665,9.902117871048466
19.983333333333334,9.901733538224708
20.0,9.901363509081616
20.016666666666666,9.901023999306538
20.033333333333335,9.90074552282945
20.05,9.900516641032128
20.066666666666666,9.900327810953106
20.083333333333332,9.900173314630683
20.1,9.90004552120629
20.116666666666667,9.899941568468805
20.133333333333333,9.899854783187084
20.15,9.899784211824093
20.166666666666668,9.899726037079828
20.183333333333334,9.899678354310419
20.2,9.899640208703673
20.216666666666665,9.899609691152328
20.233333333333334,9.899584893824507
20.25,9.899563915553209
20.266666666666666,9.899545795919908
20.283333333333335,9.899528628464125
20.3,9.899511463594974
20.316666666666666,9.899494297342287
20.333333333333332,9.899476176132927
20.35,9.899456150087323
20.366666666666667,9.899435169121144
20.383333333333333,9.899411325402486
20.4,9.899386531118425
20.416666666666668,9.8993588760429
20.433333333333334,9.89932835678321
20.45,9.899294979306633
20.466666666666665,9.899259694322954
20.483333333333334,9.899221547440957
20.5,9.899181491668267
20.516666666666666,9.899137623732695
20.533333333333335,9.899091848578813
20.55,9.89904320980606
20.566666666666666,9.898991712744346
20.583333333333332,9.898938306479117
20.6,9.898882040818078
20.616666666666667,9.898822911068976
20.633333333333333,9.898761876652143
20.65,9.898699888902867
20.666666666666668,9.898636947628617
20.683333333333334,9.898575913620911
20.7,9.898514876857908
20.716666666666665,9.89845574988809
20.733333333333334,9.89839662323116
20.75,9.898338447223457
20.766666666666666,9.89828027392304
20.783333333333335,9.898221147037429
20.8,9.89816202036851
20.816666666666666,9.898101937034111
20.833333333333332,9.898041856503282
20.85,9.897978915229215
20.866666666666667,9.897915972944375
20.883333333333333,9.89785207770013
20.9,9.897785321700564
20.916666666666668,9.89771760915581
20.933333333333334,9.897647038105859
20.95,9.897575513542973
20.966666666666665,9.897503035407034
20.983333333333334,9.897426739886274
21.0,9.8973504470971
21.016666666666666,9.89727033978699
21.033333333333335,9.8971892755224
21.05,9.897106306843307
21.066666666666666,9.897021427961636
21.083333333333332,9.896934644063647
21.1,9.896844999314027
21.116666666666667,9.896754401111655
21.133333333333333,9.8966618957271
21.15,9.8965665279507
21.166666666666668,9.89647020794898
21.183333333333334,9.89637198039209
21.2,9.896271845328087
21.216666666666665,9.896169802961257
21.233333333333334,9.896066807105784
21.25,9.895960948521342
21.266666666666666,9.895853181382668
21.283333333333335,9.895744463005844
21.3,9.895632883404257
21.316666666666666,9.895519396620358
21.333333333333332,9.89540400249783
21.35,9.895286699700785
21.366666666666667,9.895168445111906
21.383333333333333,9.894710680495168
21.4,9.893287792313085
21.416666666666668,9.891066674300626
21.433333333333334,9.88816939763786
21.45,9.88469895760218
21.466666666666665,9.880950042568863
21.483333333333334,9.877394726034321
21.5,9.87400058109839
21.516666666666666,9.870761885083159
21.533333333333335,9.867668149226494
21.55,9.864839536936621
21.566666666666666,9.862503021624423
21.583333333333332,9.860582312715552
21.6,9.859020187377652
21.616666666666667,9.857764191438202
21.633333333333333,9.856769504063124
21.65,9.855997024905674
21.666666666666668,9.855415274609516
21.683333333333334,9.855004238334205
21.7,9.854747698381454
21.716666666666665,9.854632301358603
21.733333333333334,9.854645652488609
21.75,9.854774398812284
21.766666666666666,9.854996604237993
21.783333333333335,9.855295105557508
21.8,9.855657503432797
21.816666666666666,9.856069491403789
21.833333333333332,9.856521535087708
21.85,9.857006003962361
21.866666666666667,9.857516221078992
21.883333333333333,9.858044558033164
21.9,9.858587201519887
21.916666666666668,9.859143195366482
21.933333333333334,9.859706820108109
21.95,9.860275213425128
21.966666666666665,9.860849327638983
21.983333333333334,9.86142535059952
22.0,9.862004235109561
22.016666666666666,9.862584073288996
22.033333333333335,9.863164864211113
22.05,9.863745656625474
22.066666666666666,9.864327402961926
22.083333333333332,9.864908191681833
22.1,9.86548993757303
22.116666666666667,9.86607073015592
22.133333333333333,9.866651520307883
22.15,9.867232310363574
22.166666666666668,9.867814055364239
22.183333333333334,9.868395799053166
22.2,9.868976590420608
22.216666666666665,9.869559288007514
22.233333333333334,9.870141985690756
22.25,9.870725638487396
22.266666666666666,9.871310243304658
22.283333333333335,9.871892938930005
22.3,9.872468007186292
22.316666666666666,9.87302972383114
22.333333333333332,9.873573322046155
22.35,9.874095938440542
22.366666666666667,9.87459566517026
22.383333333333333,9.875075364663301
22.4,9.87553789902283
22.416666666666668,9.875987080760046
22.433333333333334,9.876421003462946
22.45,9.876840621125721
22.466666666666665,9.877246887273374
22.483333333333334,9.877639801015443
22.5,9.878018410307053
22.516666666666666,9.878387482905127
22.533333333333335,9.878747974067517
22.55,9.879099880954566
22.566666666666666,9.879446065596744
22.583333333333332,9.87978652827115
22.6,9.880123176051539
22.616666666666667,9.88045696302846
22.633333333333333,9.880786935352084
22.65,9.881114046812156
22.666666666666668,9.881440204470533
22.683333333333334,9.881764456606874
22.7,9.882087753906987
22.716666666666665,9.882410097272945
22.733333333333334,9.882730533276161
22.75,9.883050015874824
22.766666666666666,9.883369498617611
22.783333333333335,9.883688027691395
22.8,9.884005603023311
22.816666666666666,9.88431841163312
22.833333333333332,9.88462263587117
22.85,9.884917323271408
22.866666666666667,9.885198659361098
22.883333333333333,9.8854666419862
22.9,9.88572318238426
22.916666666666668,9.885969232407342
22.933333333333334,9.886207652823206
22.95,9.886438445472475
22.966666666666665,9.886660653834397
22.983333333333334,9.886876186474774
23.0,9.887084089820581
23.016666666666666,9.88719662508923
23.033333333333335,9.887049760058808
23.05,9.886687363278499
23.066666666666666,9.886142813849071
23.083333333333332,9.885440907161419
23.1,9.884697037891549
23.116666666666667,9.884094313116044
23.133333333333333,9.883609844879224
23.15,9.88323218871558
23.166666666666668,9.882947039404637
23.183333333333334,9.882743906511411
23.2,9.882611346184301
23.216666666666665,9.882540774376375
23.233333333333334,9.882521703155849
23.25,9.882546499328951
23.266666666666666,9.882607536236728
23.283333333333335,9.882698136111765
23.3,9.882813528573362
23.316666666666666,9.882949904745223
23.333333333333332,9.883101540288353
23.35,9.883266527081965
23.366666666666667,9.883441052783418
23.383333333333333,9.883624159956355
23.4,9.883812035427914
23.416666666666668,9.884003725853663
23.433333333333334,9.884198277491972
23.45,9.884394736264468
23.466666666666665,9.884592148922842
23.483333333333334,9.884789561557222
23.5,9.88498696816164
23.516666666666666,9.885184381674593
23.533333333333335,9.885380840290532
23.55,9.8855753918206
23.566666666666666,9.885769943410827
23.583333333333332,9.885962587903077
23.6,9.886154278882517
23.616666666666667,9.886345016228766
23.633333333333333,9.886532892518842
23.65,9.886720767496975
23.666666666666668,9.886905781130007
23.683333333333334,9.887088887448467
23.7,9.887269127956415
23.716666666666665,9.88744460401742
23.733333333333334,9.887615309998594
23.75,9.887781249871777
23.766666666666666,9.887938606143216
23.783333333333335,9.888080703801496
23.8,9.88820849620305
23.816666666666666,9.888321983660797
23.833333333333332,9.888423073068113
23.85,9.888516531652435
23.866666666666667,9.88860999174116
23.883333333333333,9.888704405354778
23.9,9.888798816272635
23.916666666666668,9.88889322958544
23.933333333333334,9.888988596748145
23.95,9.889082055164112
23.966666666666665,9.889176468597281
23.983333333333334,9.889269928349107
24.0,9.889363388124991
24.016666666666666,9.889455894291704
24.033333333333335,9.889548400470462
24.05,9.889639951583993
24.066666666666666,9.889730550412052
24.083333333333332,9.889820195582814
24.1,9.889909838695916
24.116666666666667,9.889998530173289
24.133333333333333,9.89008531454061
24.15,9.890171143794705
24.166666666666668,9.890256020702987
24.183333333333334,9.890339944098399
24.2,9.890422913595852
24.216666666666665,9.890503976091516
24.233333333333334,9.890583131116152
24.25,9.89066228629721
24.266666666666666,9.89073953235885
24.283333333333335,9.890815826339338
24.3,9.89089021312556
24.316666666666666,9.890963646194319
24.333333333333332,9.891036125473411
24.35,9.891106697546174
24.366666666666667,9.891175360728141
24.383333333333333,9.891239256898945
24.4,9.891300291893273
24.416666666666668,9.891356558528843
24.433333333333334,9.891407103124312
24.45,9.891453833307123
24.466666666666665,9.891495793206124
24.483333333333334,9.891417590972518
24.5,9.89099987885553
24.516666666666666,9.89030083271838
24.533333333333335,9.889361459669006
24.55,9.888219906769931
24.566666666666666,9.887022086693866
24.583333333333332,9.886016909774105
24.6,9.885170044961137
24.616666666666667,9.884461462287023
24.633333333333333,9.883873996581938
24.65,9.883393343094506
24.666666666666668,9.88300328902477
24.683333333333334,9.882690482773357
24.7,9.882443480404424
24.716666666666665,9.882252742697718
24.733333333333334,9.882108738374443
24.75,9.882002880102846
24.766666666666666,9.881928492895499
24.783333333333335,9.881878901608419
24.8,9.881849337305328
24.816666666666666,9.881836939266977
24.833333333333332,9.881835985802185
24.85,9.881844568742034
24.866666666666667,9.881860780928337
24.883333333333333,9.881880809608893
24.9,9.88190655910226
24.916666666666668,9.881933261735533
24.933333333333334,9.881960918146474
24.95,9.881989528383126
24.966666666666665,9.882018138547616
24.983333333333334,9.882045795006642
25.0,9.88207249773619
25.016666666666666,9.88209824858924
25.033333333333335,9.882122090587474
25.05,9.88214402518689
25.066666666666666,9.882164052279167
25.083333333333332,9.88218217216511
25.1,9.882199338201232
25.116666666666667,9.882213642892411
25.133333333333333,9.882226994203048
25.15,9.882238439703103
25.166666666666668,9.882247976336382
25.183333333333334,9.882255605654994
25.2,9.882262281388517
25.216666666666665,9.882266095909484
25.233333333333334,9.882268956857322
25.25,9.882270864244134
25.266666666666666,9.882271817781122
25.283333333333335,9.882270863786902
25.3,9.882268004066361
25.316666666666666,9.882264187548024
25.333333333333332,9.88225846521913
25.35,9.8822517891848
25.366666666666667,9.88224320593211
25.383333333333333,9.882233668877724
25.4,9.882222224388395
25.416666666666668,9.882209826277856
25.433333333333334,9.882195522465034
25.45,9.882180263526934
25.466666666666665,9.882164050919508
25.483333333333334,9.882082988002699
25.5,9.881821679823531
25.516666666666666,9.8814144583099
25.533333333333335,9.880887073328147
25.55,9.880263367081112
25.566666666666666,9.87962249565221
25.583333333333332,9.879100832698558
25.6,9.87867644473977
25.616666666666667,9.878336934290797
25.633333333333333,9.878072764730652
25.65,9.877872491160813
25.666666666666668,9.877727530918111
25.683333333333334,9.87763025426289
25.7,9.877573032080985
25.716666666666665,9.877552051187022
25.733333333333334,9.877564448443295
25.75,9.877604501749563
25.766666666666666,9.877670304296627
25.783333333333335,9.87775899505219
25.8,9.877865805633578
25.816666666666666,9.877987875297466
25.833333333333332,9.878122342602659
25.85,9.878264440971007
25.866666666666667,9.878414167406811
25.883333333333333,9.87856675483863
25.9,9.878723157092155
25.916666666666668,9.878881466419728
25.933333333333334,9.879040731016728
25.95,9.879199994518894
25.966666666666665,9.879361165335752
25.983333333333334,9.879521383650218
26.0,9.879681600845833
26.016666666666666,9.879842771626642
26.033333333333335,9.880002034768046
26.05,9.88016129804167
26.066666666666666,9.880319607742242
26.083333333333332,9.880476963677332
26.1,9.880634319648461
26.116666666666667,9.880791675583486
26.133333333333333,9.880948083142009
26.15,9.881102578874952
26.166666666666668,9.881258028409576
26.183333333333334,9.881412524202709
26.2,9.88156606595353
26.216666666666665,9.881719607908883
26.233333333333334,9.88187314981619
26.25,9.882025737825469
26.266666666666666,9.882175466426657
26.283333333333335,9.882323286450132
26.3,9.882464430174734
26.316666666666666,9.882600805745092
26.333333333333332,9.88273050893805
26.35,9.882855440909303
26.366666666666667,9.882977511944677
26.383333333333333,9.883094814621305
26.4,9.8832092576011
26.416666666666668,9.883319884628436
26.433333333333334,9.883429558251084
26.45,9.883537324150067
26.466666666666665,9.883642229221525
26.483333333333334,9.883746180274688
26.5,9.883849177646496
26.516666666666666,9.883951221385084
26.533333333333335,9.884051359469119
26.55,9.884151497144268
26.566666666666666,9.884250680103335
26.583333333333332,9.884348909272775
26.6,9.884446184796966
26.616666666666667,9.884543460297087
26.633333333333333,9.88463978236849
26.65,9.884736104115111
26.666666666666668,9.88483147245705
26.683333333333334,9.884926842025987
26.7,9.885021256927109
26.716666666666665,9.885115671792164
26.733333333333334,9.885209134046557
26.75,9.88529973434253
26.766666666666666,9.885387474159826
26.783333333333335,9.885469491624255
26.8,9.88554674035698
26.816666666666666,9.885617315100685
26.833333333333332,9.885683119825359
26.85,9.885744156540188
26.866666666666667,9.885801378433289
26.883333333333333,9.885855739378576
26.9,9.885907239291795
26.916666666666668,9.885955877811874
26.933333333333334,9.886002608764727
26.95,9.88604648047836
26.966666666666665,9.886089397199083
26.983333333333334,9.88613040635247
27.0,9.886170462041143
27.016666666666666,9.886209564674264
27.033333333333335,9.88624675915024
27.05,9.886283953710558
27.066666666666666,9.886319241100695
27.083333333333332,9.886354528851943
27.1,9.88638886440192
27.116666666666667,9.886422244537663
27.133333333333333,9.886454671112377
27.15,9.886486139926129
27.166666666666668,9.886517612398379
27.183333333333334,9.886548131453905
27.2,9.886577696635563
27.216666666666665,9.886606307955331
27.233333333333334,9.886634920634988
27.25,9.886663532568598
27.266666666666666,9.886691191290181
27.283333333333335,9.886716942251883
27.3,9.886742693189618
27.316666666666666,9.88676749059038
27.333333333333332,9.886790380664575
27.35,9.886811358609735
27.366666666666667,9.886829480553784
27.383333333333333,9.886844740502864
27.4,9.88685904413476
27.416666666666668,9.886870488058475
27.433333333333334,9.886880026292435
27.45,9.886888609160094
27.466666666666665,9.88689528453262
27.483333333333334,9.88690100579035
27.5,9.886904819564919
27.516666666666666,9.886907681680237
27.533333333333335,9.886909590174405
27.55,9.886910539534895
27.566666666666666,9.886910540221
27.583333333333332,9.886909587201696
27.6,9.886907680645217
27.616666666666667,9.88690482037136
27.633333333333333,9.886901006680954
27.65,9.886897191486025
27.666666666666668,9.886892422826369
27.683333333333334,9.886886700629855
27.7,9.88688002581112
27.716666666666665,9.886872395926886
27.733333333333334,9.886864765729621
27.75,9.886856177951463
27.766666666666666,9.886846641595065
27.783333333333335,9.886837104985919
27.8,9.886826615140619
27.816666666666666,9.886815171999206
27.833333333333332,9.886802776656808
27.85,9.886791334213568
27.866666666666667,9.886777984070573
27.883333333333333,9.886763678837868
27.9,9.88674937207663
27.916666666666668,9.886734112440443
27.933333333333334,9.886717901096645
27.95,9.886701686575533
27.966666666666665,9.886684520996841
27.983333333333334,9.886666401808956
28.0,9.886647329108209
28.016666666666666,9.886628256840805
28.033333333333335,9.886609184441015
28.05,9.886589156999717
28.066666666666666,9.886567222063288
28.083333333333332,9.886545287030573
28.1,9.886523350794224
28.116666666666667,9.886499511443947
28.133333333333333,9.88647567074565
28.15,9.886450870143173
28.166666666666668,9.8864260749329
28.183333333333334,9.886400326450543
28.2,9.886373624322909
28.216666666666665,9.886346922219355
28.233333333333334,9.886319266542761
28.25,9.886291611022656
28.266666666666666,9.886262048621287
28.283333333333335,9.886233438180025
28.3,9.88560591701488
28.316666666666666,9.883001418524099
28.333333333333332,9.87821681063312
28.35,9.871603038302112
28.366666666666667,9.863441452052784
28.383333333333333,9.85432236932993
28.4,9.84598148992294
28.416666666666668,9.838937614790593
28.433333333333334,9.833034338959738
28.45,9.828143871051918
28.466666666666665,9.824151768327242
28.483333333333334,9.82094740629781
28.5,9.818426830359874
28.516666666666666,9.816507075361002
28.533333333333335,9.815109936503855
28.55,9.814170561745799
28.566666666666666,9.813627914997577
28.583333333333332,9.81342764224576
28.6,9.813509659048583
28.616666666666667,9.813824373613418
28.633333333333333,9.814331730323529
28.65,9.814992630517368
28.666666666666668,9.815780370634847
28.683333333333334,9.816668246947684
28.7,9.81763814008744
28.716666666666665,9.818674789816153
28.733333333333334,9.819763893332489
28.75,9.820897820017821
28.766666666666666,9.822066073647893
28.783333333333335,9.823261986529428
28.8,9.824476020885482
28.816666666666666,9.825701498298619
28.833333333333332,9.826933652817617
28.85,9.828166760259508
28.866666666666667,9.829398912539732
28.883333333333333,9.830630112691113
28.9,9.831859404095765
28.916666666666668,9.8330867882218
28.933333333333334,9.834312265093468
28.95,9.835534882967078
28.966666666666665,9.836757494461963
28.983333333333334,9.837978202746264
29.0,9.839198911788847
29.016666666666666,9.840419622612512
29.033333333333335,9.841641286239076
29.05,9.842862950142452
29.066666666666666,9.844086521757507
29.083333333333332,9.845311999543883
29.1,9.846538431192172
29.116666666666667,9.847766770480106
29.133333333333333,9.848997971088822
29.15,9.850227264840342
29.166666666666668,9.851443202780079
29.183333333333334,9.852636254894282
29.2,9.853796880746534
29.216666666666665,9.854918407106634
29.233333333333334,9.8559998789934
29.25,9.857046063802928
29.266666666666666,9.858061732168238
29.283333333333335,9.85905451260181
29.3,9.86002631229784
29.316666666666666,9.860980944610011
29.333333333333332,9.861921273422428
29.35,9.862851112112795
29.366666666666667,9.863772366467353
29.383333333333333,9.864649750395568
29.4,9.86541460268954
29.416666666666668,9.866081225007617
29.433333333333334,9.866657247727504
29.45,9.867148392046957
29.466666666666665,9.867599481592098
29.483333333333334,9.86808585859972
29.5,9.868600844640472
29.516666666666666,9.869142535372443
29.533333333333335,9.869707113290046
29.55,9.870292671981222
29.566666666666666,9.87089730600887
29.583333333333332,9.871518146819131
29.6,9.872152344163018
29.616666666666667,9.872799892191777
29.633333333333333,9.873456976937918
29.65,9.874122646404986
29.666666666666668,9.874796896717893
29.683333333333334,9.87547591518494
29.7,9.876160655631983
29.716666666666665,9.876849210924844
29.733333333333334,9.877540627658929
29.75,9.878234906520245
29.766666666666666,9.87893204513803
29.783333333333335,9.87963013577654
29.8,9.880329181865433
29.816666666666666,9.881030135437403
29.833333333333332,9.881728228326294
29.85,9.882416784076574
29.866666666666667,9.883089127748761
29.883333333333333,9.88373953879509
29.9,9.884363245427181
29.916666666666668,9.88496024913726
29.933333333333334,9.885532457239972
29.95,9.886083684833679
29.966666666666665,9.886617746571936
29.983333333333334,9.887136547133737
30.0,9.887642951618659
30.016666666666666,9.888137913804481
30.033333333333335,9.888623337973142
30.05,9.889102083941205
30.066666666666666,9.889572247547083
30.083333333333332,9.890037643203456
30.1,9.890496363354943
30.116666666666667,9.890945546692668
30.133333333333333,9.89138233217257
30.15,9.891804812347615
30.166666666666668,9.892211078025744
30.183333333333334,9.892599222313757
30.2,9.892973064630388
30.216666666666665,9.893165707834788
30.233333333333334,9.892867206334754
30.25,9.892159576692357
30.266666666666666,9.891103852578016
30.283333333333335,9.889750581595756
30.3,9.888311479410094
30.316666666666666,9.887140360920608
30.333333333333332,9.886188589929354
30.35,9.88543232300612
30.366666666666667,9.88484485745759
30.383333333333333,9.884405210006951
30.4,9.884093358520058
30.416666666666668,9.883890225518487
30.433333333333334,9.883778645483604
30.45,9.883746220870474
30.466666666666665,9.883776739276195
30.483333333333334,9.88386161753224
30.5,9.883990364878866
30.516666666666666,9.884154398580733
30.533333333333335,9.884346088801797
30.55,9.884559715559904
30.566666666666666,9.884791460182093
30.583333333333332,9.885036553936542
30.6,9.885290233254402
30.616666666666667,9.885550588462285
30.633333333333333,9.88581571240197
30.65,9.8860836973376
30.666666666666668,9.8863535901175
30.683333333333334,9.886622530347358
30.7,9.886890515656162
30.716666666666665,9.887157547668831
30.733333333333334,9.887422670525341
30.75,9.887684931447039
